"EffectMean","EffectLower","EffectUpper","Significant","Feature","Repeat","Fold","Dataset","Target"
0.0635590374427418,0.0142232156184707,0.191919191919192,"yes","X1",1,1,"forestfires","area"
0.0568662858832912,0.0129055395730619,0.182070707070707,"yes","X2",1,1,"forestfires","area"
0.0703827536855112,0.010515388196808,0.202272727272727,"yes","X3",1,1,"forestfires","area"
0.0664415775036123,0.0134258433589683,0.181818181818182,"yes","X1",1,2,"forestfires","area"
0.0610730487930903,0.0119702951557302,0.181818181818182,"yes","X2",1,2,"forestfires","area"
0.066329055192014,0.0112679358581599,0.191919191919192,"yes","X3",1,2,"forestfires","area"
0.0667988902260106,0.0159756020659086,0.191919191919192,"yes","X1",1,3,"forestfires","area"
0.0609411374757439,0.011952736173291,0.181818181818182,"yes","X2",1,3,"forestfires","area"
0.0690853760552984,0.0119702951557302,0.212121212121212,"yes","X3",1,3,"forestfires","area"
0.0718585548381027,0.0160024023743726,0.212121212121212,"yes","X1",1,4,"forestfires","area"
0.0575097832121961,0.0134391844816838,0.181818181818182,"yes","X2",1,4,"forestfires","area"
0.0674873902198991,0.0119702951557302,0.202020202020202,"yes","X3",1,4,"forestfires","area"
0.0673275251877064,0.0142232156184707,0.191919191919192,"yes","X1",1,5,"forestfires","area"
0.0624931012297446,0.0128821584626286,0.202020202020202,"yes","X2",1,5,"forestfires","area"
0.0695617377063511,0.0128821584626286,0.202020202020202,"yes","X3",1,5,"forestfires","area"
0.0693432442388018,0.0149303900358134,0.191919191919192,"yes","X1",1,6,"forestfires","area"
0.0634865027562857,0.0129055395730619,0.191919191919192,"yes","X2",1,6,"forestfires","area"
0.0699928045442878,0.010515388196808,0.212121212121212,"yes","X3",1,6,"forestfires","area"
0.0697018084293487,0.0159756020659086,0.212121212121212,"yes","X1",1,7,"forestfires","area"
0.061051287692665,0.0119702951557302,0.181818181818182,"yes","X2",1,7,"forestfires","area"
0.0735797618108406,0.0129055395730619,0.222222222222222,"yes","X3",1,7,"forestfires","area"
0.0619147499712019,0.0134391844816838,0.181818181818182,"yes","X1",1,8,"forestfires","area"
0.0564626475417518,0.0129055395730619,0.181818181818182,"yes","X2",1,8,"forestfires","area"
0.0646107204382204,0.0119702951557302,0.191919191919192,"yes","X3",1,8,"forestfires","area"
0.0689134498888634,0.0149303900358134,0.191919191919192,"yes","X1",1,9,"forestfires","area"
0.0582507633816809,0.0119702951557302,0.181818181818182,"yes","X2",1,9,"forestfires","area"
0.0712431373431429,0.0112491221666261,0.222222222222222,"yes","X3",1,9,"forestfires","area"
0.0630898157809254,0.0142232156184707,0.191919191919192,"yes","X1",1,10,"forestfires","area"
0.0555057285109539,0.0129055395730619,0.181818181818182,"yes","X2",1,10,"forestfires","area"
0.0682424749863788,0.0119702951557302,0.191919191919192,"yes","X3",1,10,"forestfires","area"
0.0655082022787369,0.0149303900358134,0.181818181818182,"yes","X1",2,1,"forestfires","area"
0.0608004239342566,0.0128821584626286,0.191919191919192,"yes","X2",2,1,"forestfires","area"
0.0676574299705648,0.0129055395730619,0.202020202020202,"yes","X3",2,1,"forestfires","area"
0.0643318816673204,0.0149303900358134,0.191919191919192,"yes","X1",2,2,"forestfires","area"
0.0588756673107816,0.0129055395730619,0.181818181818182,"yes","X2",2,2,"forestfires","area"
0.0663806038271313,0.0105097327460369,0.191919191919192,"yes","X3",2,2,"forestfires","area"
0.0658287639698663,0.0159756020659086,0.191919191919192,"yes","X1",2,3,"forestfires","area"
0.0572377423718317,0.0112679358581599,0.181818181818182,"yes","X2",2,3,"forestfires","area"
0.0725027285061388,0.010515388196808,0.202020202020202,"yes","X3",2,3,"forestfires","area"
0.0664209223065609,0.0142232156184707,0.191919191919192,"yes","X1",2,4,"forestfires","area"
0.0613891132549506,0.0112679358581599,0.191919191919192,"yes","X2",2,4,"forestfires","area"
0.0701666224046042,0.011952736173291,0.212121212121212,"yes","X3",2,4,"forestfires","area"
0.066270998644729,0.0160024023743726,0.191919191919192,"yes","X1",2,5,"forestfires","area"
0.06034715633842,0.0112679358581599,0.181818181818182,"yes","X2",2,5,"forestfires","area"
0.0693934684381863,0.0102891701659624,0.212121212121212,"yes","X3",2,5,"forestfires","area"
0.0702257004980686,0.0160024023743726,0.191919191919192,"yes","X1",2,6,"forestfires","area"
0.0621453823556974,0.011952736173291,0.191919191919192,"yes","X2",2,6,"forestfires","area"
0.0678223248583522,0.0112491221666261,0.191919191919192,"yes","X3",2,6,"forestfires","area"
0.0658406901881564,0.0149303900358134,0.191919191919192,"yes","X1",2,7,"forestfires","area"
0.0614851138720267,0.0134258433589683,0.191919191919192,"yes","X2",2,7,"forestfires","area"
0.0674500326687357,0.0119702951557302,0.212121212121212,"yes","X3",2,7,"forestfires","area"
0.0660439473203674,0.0142232156184707,0.202020202020202,"yes","X1",2,8,"forestfires","area"
0.0611602059797121,0.0129055395730619,0.191919191919192,"yes","X2",2,8,"forestfires","area"
0.0721256879602375,0.011952736173291,0.232828282828282,"yes","X3",2,8,"forestfires","area"
0.0649004351757093,0.0134391844816838,0.191919191919192,"yes","X1",2,9,"forestfires","area"
0.0621949849416389,0.0129055395730619,0.181818181818182,"yes","X2",2,9,"forestfires","area"
0.0665959045924761,0.0102891701659624,0.191919191919192,"yes","X3",2,9,"forestfires","area"
0.0679856120517263,0.0149303900358134,0.192171717171717,"yes","X1",2,10,"forestfires","area"
0.0613468957663615,0.0128821584626286,0.191919191919192,"yes","X2",2,10,"forestfires","area"
0.0725617031671265,0.0119702951557302,0.202272727272727,"yes","X3",2,10,"forestfires","area"
0.0691618367311412,0.0149303900358134,0.182070707070707,"yes","X1",3,1,"forestfires","area"
0.0616836313522079,0.0129055395730619,0.191919191919192,"yes","X2",3,1,"forestfires","area"
0.0694228764118024,0.010515388196808,0.22225976858164,"yes","X3",3,1,"forestfires","area"
0.0668855669192382,0.0142232156184707,0.191919191919192,"yes","X1",3,2,"forestfires","area"
0.0612107597370056,0.0112679358581599,0.181818181818182,"yes","X2",3,2,"forestfires","area"
0.0663402881256554,0.0134391844816838,0.202020202020202,"yes","X3",3,2,"forestfires","area"
0.0688507904574698,0.0159756020659086,0.192171717171717,"yes","X1",3,3,"forestfires","area"
0.0637768822580986,0.0129055395730619,0.191919191919192,"yes","X2",3,3,"forestfires","area"
0.0716499208838782,0.0102891701659624,0.22225976858164,"yes","X3",3,3,"forestfires","area"
0.0638839224632375,0.0142232156184707,0.192171717171717,"yes","X1",3,4,"forestfires","area"
0.0603539662141566,0.0112679358581599,0.191919191919192,"yes","X2",3,4,"forestfires","area"
0.0746591832297527,0.011952736173291,0.282828282828283,"yes","X3",3,4,"forestfires","area"
0.0712477620804874,0.0142232156184707,0.223939055492034,"yes","X1",3,5,"forestfires","area"
0.0634518920457555,0.0119702951557302,0.191919191919192,"yes","X2",3,5,"forestfires","area"
0.0723612945486548,0.0112679358581599,0.223724076598926,"yes","X3",3,5,"forestfires","area"
0.0626486995102283,0.0149127106753798,0.191919191919192,"yes","X1",3,6,"forestfires","area"
0.0593356507023223,0.0119702951557302,0.181818181818182,"yes","X2",3,6,"forestfires","area"
0.0649051614009628,0.0119702951557302,0.191919191919192,"yes","X3",3,6,"forestfires","area"
0.0730138170787854,0.0160024023743726,0.222222222222222,"yes","X1",3,7,"forestfires","area"
0.0594339572061787,0.011952736173291,0.181818181818182,"yes","X2",3,7,"forestfires","area"
0.0700335009180211,0.0128821584626286,0.202020202020202,"yes","X3",3,7,"forestfires","area"
0.0679325607288462,0.0175207902056019,0.202020202020202,"yes","X1",3,8,"forestfires","area"
0.0638151285692539,0.0119702951557302,0.202020202020202,"yes","X2",3,8,"forestfires","area"
0.0742818891492758,0.0105097327460369,0.212411283733155,"yes","X3",3,8,"forestfires","area"
0.0680100557294555,0.0159756020659086,0.191919191919192,"yes","X1",3,9,"forestfires","area"
0.0607837932513504,0.0134258433589683,0.191919191919192,"yes","X2",3,9,"forestfires","area"
0.0733933260217592,0.0112679358581599,0.2126218850342,"yes","X3",3,9,"forestfires","area"
0.0659495564348705,0.0149303900358134,0.191919191919192,"yes","X1",3,10,"forestfires","area"
0.0604197456579658,0.0112679358581599,0.191919191919192,"yes","X2",3,10,"forestfires","area"
0.068278088723397,0.0105097327460369,0.191919191919192,"yes","X3",3,10,"forestfires","area"
0.0658714671373632,0.0175597232269155,0.191919191919192,"yes","X1",4,1,"forestfires","area"
0.0650807722452052,0.0129055395730619,0.191919191919192,"yes","X2",4,1,"forestfires","area"
0.0689492190986911,0.010515388196808,0.191919191919192,"yes","X3",4,1,"forestfires","area"
0.0647211223377481,0.0159756020659086,0.182070707070707,"yes","X1",4,2,"forestfires","area"
0.058900203586968,0.0119702951557302,0.181818181818182,"yes","X2",4,2,"forestfires","area"
0.0698073762264203,0.010515388196808,0.212121212121212,"yes","X3",4,2,"forestfires","area"
0.0682304337608049,0.0134391844816838,0.212373737373737,"yes","X1",4,3,"forestfires","area"
0.0636840281365968,0.0134391844816838,0.191919191919192,"yes","X2",4,3,"forestfires","area"
0.0703990783305165,0.0105097327460369,0.212373737373737,"yes","X3",4,3,"forestfires","area"
0.067674628189415,0.0142232156184707,0.192171717171717,"yes","X1",4,4,"forestfires","area"
0.0651728592810878,0.0119702951557302,0.191919191919192,"yes","X2",4,4,"forestfires","area"
0.0753302335999799,0.0129055395730619,0.212121212121212,"yes","X3",4,4,"forestfires","area"
0.0659636773291939,0.0149303900358134,0.191919191919192,"yes","X1",4,5,"forestfires","area"
0.0630705827109791,0.0129055395730619,0.191919191919192,"yes","X2",4,5,"forestfires","area"
0.0717068689350326,0.0129055395730619,0.232323232323232,"yes","X3",4,5,"forestfires","area"
0.0720028726819366,0.0149303900358134,0.202020202020202,"yes","X1",4,6,"forestfires","area"
0.0624143415194074,0.0129055395730619,0.191919191919192,"yes","X2",4,6,"forestfires","area"
0.0686264724543666,0.0112491221666261,0.212121212121212,"yes","X3",4,6,"forestfires","area"
0.0724786888354781,0.0160024023743726,0.202272727272727,"yes","X1",4,7,"forestfires","area"
0.0608606190429098,0.0129055395730619,0.179676657299407,"yes","X2",4,7,"forestfires","area"
0.0697116819250405,0.0112679358581599,0.212121212121212,"yes","X3",4,7,"forestfires","area"
0.0702459172414253,0.0160024023743726,0.191919191919192,"yes","X1",4,8,"forestfires","area"
0.0610471966928276,0.0128821584626286,0.191919191919192,"yes","X2",4,8,"forestfires","area"
0.0691465259466433,0.011952736173291,0.212121212121212,"yes","X3",4,8,"forestfires","area"
0.063141243760253,0.014203614840051,0.181818181818182,"yes","X1",4,9,"forestfires","area"
0.0579234386696343,0.0129055395730619,0.181818181818182,"yes","X2",4,9,"forestfires","area"
0.0690870344010677,0.0105097327460369,0.202020202020202,"yes","X3",4,9,"forestfires","area"
0.0672619682579897,0.0134391844816838,0.191919191919192,"yes","X1",4,10,"forestfires","area"
0.0646307304092223,0.011952736173291,0.191919191919192,"yes","X2",4,10,"forestfires","area"
0.0687049546471277,0.0112679358581599,0.202020202020202,"yes","X3",4,10,"forestfires","area"
0.0688660025320122,0.0142232156184707,0.191919191919192,"yes","X1",5,1,"forestfires","area"
0.0582899028975539,0.0134258433589683,0.181818181818182,"yes","X2",5,1,"forestfires","area"
0.071103643230738,0.0119702951557302,0.202020202020202,"yes","X3",5,1,"forestfires","area"
0.0694216577235077,0.0175597232269155,0.191919191919192,"yes","X1",5,2,"forestfires","area"
0.0565404445059298,0.0129055395730619,0.17962174641431,"yes","X2",5,2,"forestfires","area"
0.0656414540513492,0.010515388196808,0.191919191919192,"yes","X3",5,2,"forestfires","area"
0.0635135338201049,0.0142232156184707,0.191919191919192,"yes","X1",5,3,"forestfires","area"
0.0601299962886539,0.0119702951557302,0.181818181818182,"yes","X2",5,3,"forestfires","area"
0.0716651003637638,0.0112679358581599,0.212373737373737,"yes","X3",5,3,"forestfires","area"
0.0664283469434546,0.0142232156184707,0.181818181818182,"yes","X1",5,4,"forestfires","area"
0.0596070399273436,0.0129055395730619,0.182070707070707,"yes","X2",5,4,"forestfires","area"
0.0725834864911815,0.0129055395730619,0.22225976858164,"yes","X3",5,4,"forestfires","area"
0.0676904256714037,0.0159756020659086,0.191919191919192,"yes","X1",5,5,"forestfires","area"
0.0601068236173476,0.0129055395730619,0.191919191919192,"yes","X2",5,5,"forestfires","area"
0.0700196145755898,0.0112679358581599,0.192171717171717,"yes","X3",5,5,"forestfires","area"
0.0655169645929428,0.0160024023743726,0.191919191919192,"yes","X1",5,6,"forestfires","area"
0.0648013633456045,0.0134391844816838,0.181818181818182,"yes","X2",5,6,"forestfires","area"
0.069626606629531,0.011952736173291,0.202020202020202,"yes","X3",5,6,"forestfires","area"
0.0640432862599817,0.0149303900358134,0.182070707070707,"yes","X1",5,7,"forestfires","area"
0.0589737038901353,0.0129055395730619,0.182070707070707,"yes","X2",5,7,"forestfires","area"
0.0695264894554433,0.0119702951557302,0.202020202020202,"yes","X3",5,7,"forestfires","area"
0.0630791604764598,0.0160024023743726,0.181818181818182,"yes","X1",5,8,"forestfires","area"
0.0595486356728519,0.0129055395730619,0.182070707070707,"yes","X2",5,8,"forestfires","area"
0.0707527974919893,0.0128821584626286,0.212373737373737,"yes","X3",5,8,"forestfires","area"
0.0727808399161577,0.0160024023743726,0.202272727272727,"yes","X1",5,9,"forestfires","area"
0.0601640317775682,0.0112679358581599,0.181818181818182,"yes","X2",5,9,"forestfires","area"
0.0653616278105021,0.0102891701659624,0.202020202020202,"yes","X3",5,9,"forestfires","area"
0.0622047674130473,0.0149303900358134,0.181818181818182,"yes","X1",5,10,"forestfires","area"
0.0597261668238989,0.0129055395730619,0.181818181818182,"yes","X2",5,10,"forestfires","area"
0.0686513547709874,0.0128821584626286,0.191919191919192,"yes","X3",5,10,"forestfires","area"
0.0664942674147141,0.0149303900358134,0.191919191919192,"yes","X1",6,1,"forestfires","area"
0.0626638153749738,0.0134391844816838,0.181818181818182,"yes","X2",6,1,"forestfires","area"
0.0668950692803137,0.0112679358581599,0.191919191919192,"yes","X3",6,1,"forestfires","area"
0.0668861084350157,0.0160024023743726,0.191919191919192,"yes","X1",6,2,"forestfires","area"
0.0636983013553822,0.0112679358581599,0.191919191919192,"yes","X2",6,2,"forestfires","area"
0.0673358904397279,0.0112679358581599,0.192171717171717,"yes","X3",6,2,"forestfires","area"
0.0693094274674433,0.0142232156184707,0.192171717171717,"yes","X1",6,3,"forestfires","area"
0.0571304658554301,0.014203614840051,0.181818181818182,"yes","X2",6,3,"forestfires","area"
0.0710703922359527,0.0129055395730619,0.202020202020202,"yes","X3",6,3,"forestfires","area"
0.0686743577093216,0.0160024023743726,0.191919191919192,"yes","X1",6,4,"forestfires","area"
0.0657336106286732,0.0119702951557302,0.192171717171717,"yes","X2",6,4,"forestfires","area"
0.0689134278504306,0.0112491221666261,0.202272727272727,"yes","X3",6,4,"forestfires","area"
0.063190181674469,0.0160024023743726,0.182070707070707,"yes","X1",6,5,"forestfires","area"
0.0612848339654104,0.0129055395730619,0.181818181818182,"yes","X2",6,5,"forestfires","area"
0.0688209953297042,0.0119702951557302,0.232323232323232,"yes","X3",6,5,"forestfires","area"
0.0639783863163186,0.0160024023743726,0.191919191919192,"yes","X1",6,6,"forestfires","area"
0.0600613883323722,0.0129055395730619,0.181818181818182,"yes","X2",6,6,"forestfires","area"
0.073489273302124,0.0112679358581599,0.212373737373737,"yes","X3",6,6,"forestfires","area"
0.0634257577979939,0.0160024023743726,0.181818181818182,"yes","X1",6,7,"forestfires","area"
0.0618718781819145,0.0129055395730619,0.191919191919192,"yes","X2",6,7,"forestfires","area"
0.0720171555309614,0.0112679358581599,0.222222222222222,"yes","X3",6,7,"forestfires","area"
0.0677420501446573,0.0149127106753798,0.191919191919192,"yes","X1",6,8,"forestfires","area"
0.0575655807275202,0.0128821584626286,0.179676657299407,"yes","X2",6,8,"forestfires","area"
0.0678295740211695,0.010515388196808,0.202020202020202,"yes","X3",6,8,"forestfires","area"
0.0640855625485911,0.0159756020659086,0.191919191919192,"yes","X1",6,9,"forestfires","area"
0.0583341551446407,0.011952736173291,0.181818181818182,"yes","X2",6,9,"forestfires","area"
0.0659508743887113,0.0112679358581599,0.191919191919192,"yes","X3",6,9,"forestfires","area"
0.0623807249459133,0.0142232156184707,0.191919191919192,"yes","X1",6,10,"forestfires","area"
0.0603206893844018,0.0119702951557302,0.181818181818182,"yes","X2",6,10,"forestfires","area"
0.0682222716697984,0.010515388196808,0.202020202020202,"yes","X3",6,10,"forestfires","area"
0.0668777122551095,0.0149303900358134,0.202020202020202,"yes","X1",7,1,"forestfires","area"
0.0565366012069654,0.010515388196808,0.181818181818182,"yes","X2",7,1,"forestfires","area"
0.0671198032356864,0.010515388196808,0.191919191919192,"yes","X3",7,1,"forestfires","area"
0.0697432392940442,0.0149303900358134,0.191919191919192,"yes","X1",7,2,"forestfires","area"
0.0602217629338747,0.0119702951557302,0.191919191919192,"yes","X2",7,2,"forestfires","area"
0.0683166626478937,0.0112679358581599,0.202020202020202,"yes","X3",7,2,"forestfires","area"
0.0657510741421031,0.0149303900358134,0.191919191919192,"yes","X1",7,3,"forestfires","area"
0.060348092138428,0.0129055395730619,0.181818181818182,"yes","X2",7,3,"forestfires","area"
0.0659101919047466,0.0119702951557302,0.202272727272727,"yes","X3",7,3,"forestfires","area"
0.0667350064578164,0.0142232156184707,0.191919191919192,"yes","X1",7,4,"forestfires","area"
0.0624816767098954,0.010515388196808,0.191919191919192,"yes","X2",7,4,"forestfires","area"
0.0748090955945729,0.0112679358581599,0.232323232323232,"yes","X3",7,4,"forestfires","area"
0.065306202170582,0.0160024023743726,0.191919191919192,"yes","X1",7,5,"forestfires","area"
0.0627977645065669,0.014203614840051,0.181818181818182,"yes","X2",7,5,"forestfires","area"
0.0693474520052937,0.0128821584626286,0.223724076598926,"yes","X3",7,5,"forestfires","area"
0.0694342731521145,0.0175597232269155,0.202020202020202,"yes","X1",7,6,"forestfires","area"
0.0604354457263775,0.0119702951557302,0.182070707070707,"yes","X2",7,6,"forestfires","area"
0.0644668715129736,0.0128821584626286,0.191919191919192,"yes","X3",7,6,"forestfires","area"
0.068589464277182,0.0149303900358134,0.191919191919192,"yes","X1",7,7,"forestfires","area"
0.0608505206255656,0.014203614840051,0.181818181818182,"yes","X2",7,7,"forestfires","area"
0.068664654779988,0.010515388196808,0.212121212121212,"yes","X3",7,7,"forestfires","area"
0.0665920695347743,0.0149303900358134,0.191919191919192,"yes","X1",7,8,"forestfires","area"
0.059492372942879,0.0129055395730619,0.181818181818182,"yes","X2",7,8,"forestfires","area"
0.0702926769621336,0.0112491221666261,0.202020202020202,"yes","X3",7,8,"forestfires","area"
0.0673853476460917,0.0160024023743726,0.191919191919192,"yes","X1",7,9,"forestfires","area"
0.0575827232020991,0.0128821584626286,0.181818181818182,"yes","X2",7,9,"forestfires","area"
0.0695637507042113,0.0105097327460369,0.202020202020202,"yes","X3",7,9,"forestfires","area"
0.0705182284692846,0.0149303900358134,0.191919191919192,"yes","X1",7,10,"forestfires","area"
0.060378271179397,0.0112679358581599,0.181818181818182,"yes","X2",7,10,"forestfires","area"
0.0720199880251676,0.0119702951557302,0.222474747474747,"yes","X3",7,10,"forestfires","area"
0.0651509800250313,0.0159756020659086,0.181818181818182,"yes","X1",8,1,"forestfires","area"
0.0646784893598817,0.0134391844816838,0.191919191919192,"yes","X2",8,1,"forestfires","area"
0.0700365310173348,0.0112679358581599,0.211824901688218,"yes","X3",8,1,"forestfires","area"
0.0719099899475115,0.0149303900358134,0.212121212121212,"yes","X1",8,2,"forestfires","area"
0.0601521777860746,0.0134391844816838,0.181818181818182,"yes","X2",8,2,"forestfires","area"
0.0687339852820309,0.0119702951557302,0.202272727272727,"yes","X3",8,2,"forestfires","area"
0.065818484244743,0.0149303900358134,0.191919191919192,"yes","X1",8,3,"forestfires","area"
0.0597153832705701,0.0119702951557302,0.181818181818182,"yes","X2",8,3,"forestfires","area"
0.0694228444653347,0.010515388196808,0.212121212121212,"yes","X3",8,3,"forestfires","area"
0.065530225247599,0.0142232156184707,0.191919191919192,"yes","X1",8,4,"forestfires","area"
0.0586687533728988,0.0129055395730619,0.181818181818182,"yes","X2",8,4,"forestfires","area"
0.0728153172849096,0.010515388196808,0.303282828282828,"yes","X3",8,4,"forestfires","area"
0.0669666564067576,0.0149303900358134,0.191919191919192,"yes","X1",8,5,"forestfires","area"
0.0617957968819507,0.0129055395730619,0.181818181818182,"yes","X2",8,5,"forestfires","area"
0.0655739188481937,0.0119702951557302,0.191919191919192,"yes","X3",8,5,"forestfires","area"
0.0640773470282748,0.0134391844816838,0.191919191919192,"yes","X1",8,6,"forestfires","area"
0.0661337242099407,0.0129055395730619,0.192171717171717,"yes","X2",8,6,"forestfires","area"
0.0730031833497603,0.010515388196808,0.222222222222222,"yes","X3",8,6,"forestfires","area"
0.0662816493192717,0.0149127106753798,0.191919191919192,"yes","X1",8,7,"forestfires","area"
0.0616816820620862,0.0129055395730619,0.191919191919192,"yes","X2",8,7,"forestfires","area"
0.067369413025788,0.010515388196808,0.202020202020202,"yes","X3",8,7,"forestfires","area"
0.0662623972666418,0.0142232156184707,0.191919191919192,"yes","X1",8,8,"forestfires","area"
0.059114200195642,0.0129055395730619,0.181818181818182,"yes","X2",8,8,"forestfires","area"
0.0692213542968833,0.0112679358581599,0.191919191919192,"yes","X3",8,8,"forestfires","area"
0.0688420480519322,0.0149303900358134,0.191919191919192,"yes","X1",8,9,"forestfires","area"
0.0626385224767939,0.0119702951557302,0.191919191919192,"yes","X2",8,9,"forestfires","area"
0.0706980911568844,0.010515388196808,0.202020202020202,"yes","X3",8,9,"forestfires","area"
0.0653849865121088,0.0134391844816838,0.191919191919192,"yes","X1",8,10,"forestfires","area"
0.0595180699407259,0.0129055395730619,0.181818181818182,"yes","X2",8,10,"forestfires","area"
0.0703805580834935,0.0119702951557302,0.212121212121212,"yes","X3",8,10,"forestfires","area"
0.0637330691128957,0.0149127106753798,0.191919191919192,"yes","X1",9,1,"forestfires","area"
0.0570355521590442,0.0119702951557302,0.181818181818182,"yes","X2",9,1,"forestfires","area"
0.0654868636124733,0.010515388196808,0.191919191919192,"yes","X3",9,1,"forestfires","area"
0.0702914276237495,0.0160024023743726,0.191919191919192,"yes","X1",9,2,"forestfires","area"
0.0623131743714139,0.0129055395730619,0.191919191919192,"yes","X2",9,2,"forestfires","area"
0.0740534311617514,0.0105097327460369,0.263131313131313,"yes","X3",9,2,"forestfires","area"
0.0661597268752947,0.0149303900358134,0.191919191919192,"yes","X1",9,3,"forestfires","area"
0.0602383212047874,0.0119702951557302,0.181818181818182,"yes","X2",9,3,"forestfires","area"
0.0699160778330776,0.0129055395730619,0.212121212121212,"yes","X3",9,3,"forestfires","area"
0.0652350850739066,0.0160024023743726,0.191919191919192,"yes","X1",9,4,"forestfires","area"
0.062344724517738,0.0134391844816838,0.191919191919192,"yes","X2",9,4,"forestfires","area"
0.0686415309080687,0.0112679358581599,0.202272727272727,"yes","X3",9,4,"forestfires","area"
0.0670176682486187,0.0149303900358134,0.202020202020202,"yes","X1",9,5,"forestfires","area"
0.0621301238893278,0.0119702951557302,0.181818181818182,"yes","X2",9,5,"forestfires","area"
0.0659290631925207,0.0105097327460369,0.202020202020202,"yes","X3",9,5,"forestfires","area"
0.064550648855909,0.0134391844816838,0.192171717171717,"yes","X1",9,6,"forestfires","area"
0.0617482213688349,0.0134391844816838,0.182070707070707,"yes","X2",9,6,"forestfires","area"
0.0670396096382401,0.0102891701659624,0.202020202020202,"yes","X3",9,6,"forestfires","area"
0.0650569405506794,0.0134258433589683,0.191919191919192,"yes","X1",9,7,"forestfires","area"
0.0661050980450984,0.0134391844816838,0.191919191919192,"yes","X2",9,7,"forestfires","area"
0.0668265262355505,0.010515388196808,0.191919191919192,"yes","X3",9,7,"forestfires","area"
0.0682844539413422,0.0142232156184707,0.191919191919192,"yes","X1",9,8,"forestfires","area"
0.0589050597278569,0.0129055395730619,0.181818181818182,"yes","X2",9,8,"forestfires","area"
0.0632994699849509,0.011952736173291,0.191919191919192,"yes","X3",9,8,"forestfires","area"
0.0676571944000898,0.0129055395730619,0.191919191919192,"yes","X1",9,9,"forestfires","area"
0.057347685816398,0.0134391844816838,0.181818181818182,"yes","X2",9,9,"forestfires","area"
0.0674138068559157,0.0112679358581599,0.202020202020202,"yes","X3",9,9,"forestfires","area"
0.0658007103412846,0.0159756020659086,0.191919191919192,"yes","X1",9,10,"forestfires","area"
0.0568951269691525,0.0134258433589683,0.181818181818182,"yes","X2",9,10,"forestfires","area"
0.0666135180228081,0.0119702951557302,0.191919191919192,"yes","X3",9,10,"forestfires","area"
0.069203121012479,0.0149303900358134,0.191919191919192,"yes","X1",10,1,"forestfires","area"
0.0587030273028403,0.0112679358581599,0.181818181818182,"yes","X2",10,1,"forestfires","area"
0.068442753041026,0.0112491221666261,0.191919191919192,"yes","X3",10,1,"forestfires","area"
0.0683155660043655,0.0149303900358134,0.191919191919192,"yes","X1",10,2,"forestfires","area"
0.0612478880143891,0.0129055395730619,0.191919191919192,"yes","X2",10,2,"forestfires","area"
0.0713843784180406,0.0112679358581599,0.212878787878787,"yes","X3",10,2,"forestfires","area"
0.0669838462917467,0.0149303900358134,0.191919191919192,"yes","X1",10,3,"forestfires","area"
0.0572530559342833,0.0128821584626286,0.181818181818182,"yes","X2",10,3,"forestfires","area"
0.0713817590854829,0.0119702951557302,0.202272727272727,"yes","X3",10,3,"forestfires","area"
0.0668982375365255,0.0134391844816838,0.202020202020202,"yes","X1",10,4,"forestfires","area"
0.0585394401830635,0.011952736173291,0.181818181818182,"yes","X2",10,4,"forestfires","area"
0.0663387960867152,0.0129055395730619,0.191919191919192,"yes","X3",10,4,"forestfires","area"
0.0656073450392599,0.0149303900358134,0.191919191919192,"yes","X1",10,5,"forestfires","area"
0.0617419473603699,0.0119702951557302,0.191919191919192,"yes","X2",10,5,"forestfires","area"
0.0684704810008338,0.0119702951557302,0.202020202020202,"yes","X3",10,5,"forestfires","area"
0.0657939796372289,0.0142232156184707,0.191919191919192,"yes","X1",10,6,"forestfires","area"
0.0639635295420562,0.0128821584626286,0.191919191919192,"yes","X2",10,6,"forestfires","area"
0.0670305968452076,0.011952736173291,0.212121212121212,"yes","X3",10,6,"forestfires","area"
0.0672729499720168,0.0142232156184707,0.191919191919192,"yes","X1",10,7,"forestfires","area"
0.0573827830392221,0.0119702951557302,0.181818181818182,"yes","X2",10,7,"forestfires","area"
0.0703120478185841,0.0105097327460369,0.212121212121212,"yes","X3",10,7,"forestfires","area"
0.0657851670420608,0.0149303900358134,0.191919191919192,"yes","X1",10,8,"forestfires","area"
0.0573551142498284,0.0128821584626286,0.181818181818182,"yes","X2",10,8,"forestfires","area"
0.0660747173246898,0.0112679358581599,0.192171717171717,"yes","X3",10,8,"forestfires","area"
0.066215865523335,0.0134391844816838,0.191919191919192,"yes","X1",10,9,"forestfires","area"
0.0575891752773972,0.0119702951557302,0.181818181818182,"yes","X2",10,9,"forestfires","area"
0.0702107509401522,0.0112679358581599,0.212373737373737,"yes","X3",10,9,"forestfires","area"
0.0669595350298112,0.0134391844816838,0.181818181818182,"yes","X1",10,10,"forestfires","area"
0.0595999055866131,0.0129055395730619,0.181818181818182,"yes","X2",10,10,"forestfires","area"
0.0694673769153528,0.011952736173291,0.212121212121212,"yes","X3",10,10,"forestfires","area"
0.3523565168554,0.242424242424242,0.484848484848485,"yes","X1",1,1,"bikesharing","windspeed"
0.433187823931094,0.315905766255478,0.586040521590657,"yes","X2",1,1,"bikesharing","windspeed"
0.474247445656756,0.3420415510459,0.656565656565657,"yes","X3",1,1,"bikesharing","windspeed"
0.448661309224845,0.282828282828283,0.641752662394487,"yes","X1",1,2,"bikesharing","windspeed"
0.427401441237341,0.324490496833861,0.572645699976134,"yes","X2",1,2,"bikesharing","windspeed"
0.477380015032184,0.347172203995996,0.666666666666667,"yes","X3",1,2,"bikesharing","windspeed"
0.395154609454128,0.303030303030303,0.535353535353535,"yes","X1",1,3,"bikesharing","windspeed"
0.397989997542131,0.29929006771607,0.55213110296571,"yes","X2",1,3,"bikesharing","windspeed"
0.448923664765677,0.313131313131313,0.636363636363636,"yes","X3",1,3,"bikesharing","windspeed"
0.413379705126972,0.304119186457261,0.565656565656566,"yes","X1",1,4,"bikesharing","windspeed"
0.380787974965358,0.262626262626263,0.535353535353535,"yes","X2",1,4,"bikesharing","windspeed"
0.425255567310581,0.313131313131313,0.594213351333958,"yes","X3",1,4,"bikesharing","windspeed"
0.35965431082899,0.242424242424242,0.527579812465789,"yes","X1",1,5,"bikesharing","windspeed"
0.397798172152939,0.309585807528678,0.552074287010222,"yes","X2",1,5,"bikesharing","windspeed"
0.468395606470251,0.323232323232323,0.665088643576947,"yes","X3",1,5,"bikesharing","windspeed"
0.380196843241395,0.282726673102246,0.532651482498667,"yes","X1",1,6,"bikesharing","windspeed"
0.394508535454462,0.282726673102246,0.555586427339102,"yes","X2",1,6,"bikesharing","windspeed"
0.404826694118807,0.272727272727273,0.574750383819386,"yes","X3",1,6,"bikesharing","windspeed"
0.349793463018572,0.227211874237853,0.494949494949495,"yes","X1",1,7,"bikesharing","windspeed"
0.422629208506839,0.313131313131313,0.575757575757576,"yes","X2",1,7,"bikesharing","windspeed"
0.456729448000636,0.330177287153895,0.626462342954643,"yes","X3",1,7,"bikesharing","windspeed"
0.402801533615217,0.272621655606257,0.584786563174949,"yes","X1",1,8,"bikesharing","windspeed"
0.394303394827551,0.282828282828283,0.558360791410045,"yes","X2",1,8,"bikesharing","windspeed"
0.446830372610554,0.313131313131313,0.613788347801513,"yes","X3",1,8,"bikesharing","windspeed"
0.398954373878672,0.252525252525253,0.552043296489047,"yes","X1",1,9,"bikesharing","windspeed"
0.397621819464185,0.262626262626263,0.554016983043079,"yes","X2",1,9,"bikesharing","windspeed"
0.421100689509412,0.282828282828283,0.595959595959596,"yes","X3",1,9,"bikesharing","windspeed"
0.409544131808267,0.282828282828283,0.572531177532941,"yes","X1",1,10,"bikesharing","windspeed"
0.36799786509743,0.227339814033125,0.535353535353535,"yes","X2",1,10,"bikesharing","windspeed"
0.440333941269994,0.313131313131313,0.616325206930003,"yes","X3",1,10,"bikesharing","windspeed"
0.416748322534146,0.29929006771607,0.576010101010101,"yes","X1",2,1,"bikesharing","windspeed"
0.43737184825806,0.314361939602918,0.586102799477079,"yes","X2",2,1,"bikesharing","windspeed"
0.467311458299938,0.341767504598115,0.656565656565657,"yes","X3",2,1,"bikesharing","windspeed"
0.391511414841966,0.278763893786816,0.535353535353535,"yes","X1",2,2,"bikesharing","windspeed"
0.383426004490657,0.278640525390261,0.535412518270753,"yes","X2",2,2,"bikesharing","windspeed"
0.43990483416509,0.29929006771607,0.618585882333384,"yes","X3",2,2,"bikesharing","windspeed"
0.410218388184181,0.309585807528678,0.552043296489047,"yes","X1",2,3,"bikesharing","windspeed"
0.396585755284121,0.301373289732876,0.545454545454546,"yes","X2",2,3,"bikesharing","windspeed"
0.425924239455802,0.309585807528678,0.585858585858586,"yes","X3",2,3,"bikesharing","windspeed"
0.395216664113808,0.290538302978058,0.527451546142036,"yes","X1",2,4,"bikesharing","windspeed"
0.392622833483536,0.289025199687008,0.542843504992324,"yes","X2",2,4,"bikesharing","windspeed"
0.457498565055753,0.336875989232872,0.636363636363636,"yes","X3",2,4,"bikesharing","windspeed"
0.431972836392608,0.32249235032825,0.582840275328814,"yes","X1",2,5,"bikesharing","windspeed"
0.414860790816357,0.303030303030303,0.555555555555556,"yes","X2",2,5,"bikesharing","windspeed"
0.43630076122694,0.305618961449454,0.598855398940623,"yes","X3",2,5,"bikesharing","windspeed"
0.359342434572598,0.227339814033125,0.518400146997185,"yes","X1",2,6,"bikesharing","windspeed"
0.423654993570357,0.314205651198716,0.555555555555556,"yes","X2",2,6,"bikesharing","windspeed"
0.449100391477963,0.304260929501908,0.616161616161616,"yes","X3",2,6,"bikesharing","windspeed"
0.408510694104558,0.292929292929293,0.555714693662854,"yes","X1",2,7,"bikesharing","windspeed"
0.383152234701547,0.292831690598236,0.525307500774763,"yes","X2",2,7,"bikesharing","windspeed"
0.484136823744676,0.347172203995996,0.666666666666667,"yes","X3",2,7,"bikesharing","windspeed"
0.421012747671852,0.307054440015531,0.565656565656566,"yes","X1",2,8,"bikesharing","windspeed"
0.396520847359216,0.292929292929293,0.575757575757576,"yes","X2",2,8,"bikesharing","windspeed"
0.474465964452329,0.336083148399476,0.666884609584739,"yes","X3",2,8,"bikesharing","windspeed"
0.406211425409615,0.302299087026371,0.545454545454546,"yes","X1",2,9,"bikesharing","windspeed"
0.380458668025025,0.294179333003243,0.527451546142036,"yes","X2",2,9,"bikesharing","windspeed"
0.440083951065848,0.320602789384381,0.616161616161616,"yes","X3",2,9,"bikesharing","windspeed"
0.422244023638287,0.303967766295849,0.562544689875124,"yes","X1",2,10,"bikesharing","windspeed"
0.408798355008888,0.25822465871837,0.564009081053868,"yes","X2",2,10,"bikesharing","windspeed"
0.42825715839481,0.326010783751468,0.585858585858586,"yes","X3",2,10,"bikesharing","windspeed"
0.432137260699151,0.278763893786816,0.613727494766639,"yes","X1",3,1,"bikesharing","windspeed"
0.415131671718953,0.262516222528565,0.565656565656566,"yes","X2",3,1,"bikesharing","windspeed"
0.44048759726096,0.323799592254982,0.585924039976585,"yes","X3",3,1,"bikesharing","windspeed"
0.413344466173431,0.303030303030303,0.561925532508582,"yes","X1",3,2,"bikesharing","windspeed"
0.414299585724412,0.29929006771607,0.552612702789028,"yes","X2",3,2,"bikesharing","windspeed"
0.464159964521196,0.336910898095805,0.644512599843504,"yes","X3",3,2,"bikesharing","windspeed"
0.401288411326145,0.295661831670413,0.552992425726645,"yes","X1",3,3,"bikesharing","windspeed"
0.380467105520944,0.272727272727273,0.535412518270753,"yes","X2",3,3,"bikesharing","windspeed"
0.443781741239835,0.327602610090561,0.616161616161616,"yes","X3",3,3,"bikesharing","windspeed"
0.416321434635529,0.299171864406377,0.585902221937252,"yes","X1",3,4,"bikesharing","windspeed"
0.406131999434809,0.29929006771607,0.537712852042228,"yes","X2",3,4,"bikesharing","windspeed"
0.527193384414261,0.347172203995996,0.757365532603572,"yes","X3",3,4,"bikesharing","windspeed"
0.384514683688893,0.289025199687008,0.535353535353535,"yes","X1",3,5,"bikesharing","windspeed"
0.390877704991611,0.29929006771607,0.53784111836598,"yes","X2",3,5,"bikesharing","windspeed"
0.436571016382231,0.28887027676554,0.606060606060606,"yes","X3",3,5,"bikesharing","windspeed"
0.411486504874773,0.303030303030303,0.575757575757576,"yes","X1",3,6,"bikesharing","windspeed"
0.37182842768819,0.262626262626263,0.525252525252525,"yes","X2",3,6,"bikesharing","windspeed"
0.429734799505577,0.30064340952727,0.66347143706965,"yes","X3",3,6,"bikesharing","windspeed"
0.369242787579569,0.272727272727273,0.515151515151515,"yes","X1",3,7,"bikesharing","windspeed"
0.429971818811128,0.313508720685164,0.582897922447705,"yes","X2",3,7,"bikesharing","windspeed"
0.491613804674226,0.3420415510459,0.697031826434083,"yes","X3",3,7,"bikesharing","windspeed"
0.402275807326824,0.29126931119114,0.553217849115345,"yes","X1",3,8,"bikesharing","windspeed"
0.349769131303632,0.252525252525253,0.484848484848485,"yes","X2",3,8,"bikesharing","windspeed"
0.470532627319391,0.344841117178604,0.646464646464647,"yes","X3",3,8,"bikesharing","windspeed"
0.439407412552705,0.312196788622085,0.595959595959596,"yes","X1",3,9,"bikesharing","windspeed"
0.39971952153485,0.283210499256109,0.565829299222387,"yes","X2",3,9,"bikesharing","windspeed"
0.432992437600408,0.305036642432317,0.593136015141423,"yes","X3",3,9,"bikesharing","windspeed"
0.402915317510357,0.303030303030303,0.542908781003879,"yes","X1",3,10,"bikesharing","windspeed"
0.426368780077726,0.30952293595411,0.582840275328814,"yes","X2",3,10,"bikesharing","windspeed"
0.39699605672334,0.283205690382133,0.555555555555556,"yes","X3",3,10,"bikesharing","windspeed"
0.414869126197914,0.303030303030303,0.572604468334455,"yes","X1",4,1,"bikesharing","windspeed"
0.406902636331577,0.31972617915371,0.535353535353535,"yes","X2",4,1,"bikesharing","windspeed"
0.450337984286262,0.309585807528678,0.636557356805388,"yes","X3",4,1,"bikesharing","windspeed"
0.405895813667414,0.278763893786816,0.572784890161756,"yes","X1",4,2,"bikesharing","windspeed"
0.402142260740709,0.291759667914599,0.555555555555556,"yes","X2",4,2,"bikesharing","windspeed"
0.432259697005318,0.313103825370194,0.603431754954031,"yes","X3",4,2,"bikesharing","windspeed"
0.405384800158633,0.272727272727273,0.563557581219507,"yes","X1",4,3,"bikesharing","windspeed"
0.425555633922391,0.319876382254424,0.585902221937252,"yes","X2",4,3,"bikesharing","windspeed"
0.420348971079076,0.313131313131313,0.582840275328814,"yes","X3",4,3,"bikesharing","windspeed"
0.383282808097431,0.262626262626263,0.558276992328362,"yes","X1",4,4,"bikesharing","windspeed"
0.405758788068768,0.302936797147447,0.551635788946239,"yes","X2",4,4,"bikesharing","windspeed"
0.452741898828416,0.328376037321612,0.646464646464647,"yes","X3",4,4,"bikesharing","windspeed"
0.387261549312331,0.278763893786816,0.540582532744869,"yes","X1",4,5,"bikesharing","windspeed"
0.428513566367804,0.31726169061011,0.586045389833447,"yes","X2",4,5,"bikesharing","windspeed"
0.431134631848044,0.313131313131313,0.593136015141423,"yes","X3",4,5,"bikesharing","windspeed"
0.381313809304993,0.29929006771607,0.518400146997185,"yes","X1",4,6,"bikesharing","windspeed"
0.433403649757241,0.301050828016856,0.595959595959596,"yes","X2",4,6,"bikesharing","windspeed"
0.438195752042584,0.303030303030303,0.606252278278257,"yes","X3",4,6,"bikesharing","windspeed"
0.420302410492607,0.293398959620895,0.585902221937252,"yes","X1",4,7,"bikesharing","windspeed"
0.428425274254239,0.313131313131313,0.606252278278257,"yes","X2",4,7,"bikesharing","windspeed"
0.42682455802886,0.313131313131313,0.572531177532941,"yes","X3",4,7,"bikesharing","windspeed"
0.416250434282878,0.302995483220592,0.575757575757576,"yes","X1",4,8,"bikesharing","windspeed"
0.411952831476871,0.313131313131313,0.552043296489047,"yes","X2",4,8,"bikesharing","windspeed"
0.438861132780728,0.313131313131313,0.603431754954031,"yes","X3",4,8,"bikesharing","windspeed"
0.440967659431983,0.31074928787107,0.622893653829942,"yes","X1",4,9,"bikesharing","windspeed"
0.397882038915071,0.289025199687008,0.532651482498667,"yes","X2",4,9,"bikesharing","windspeed"
0.443314873194149,0.309585807528678,0.613731531846026,"yes","X3",4,9,"bikesharing","windspeed"
0.385371324625116,0.252410344184765,0.545454545454546,"yes","X1",4,10,"bikesharing","windspeed"
0.418486977450537,0.289025199687008,0.582876282514815,"yes","X2",4,10,"bikesharing","windspeed"
0.417782258935897,0.289025199687008,0.593206604661877,"yes","X3",4,10,"bikesharing","windspeed"
0.38575274788558,0.302936797147447,0.518298596639962,"yes","X1",5,1,"bikesharing","windspeed"
0.420814896347987,0.313088894113345,0.575757575757576,"yes","X2",5,1,"bikesharing","windspeed"
0.402636597549493,0.289025199687008,0.562903574358847,"yes","X3",5,1,"bikesharing","windspeed"
0.391489948266015,0.282828282828283,0.532582199092132,"yes","X1",5,2,"bikesharing","windspeed"
0.391568832797233,0.282828282828283,0.535353535353535,"yes","X2",5,2,"bikesharing","windspeed"
0.401806214252553,0.303030303030303,0.555714693662854,"yes","X3",5,2,"bikesharing","windspeed"
0.423368070026704,0.313131313131313,0.578634469771181,"yes","X1",5,3,"bikesharing","windspeed"
0.42716618874771,0.280433285482069,0.586040521590657,"yes","X2",5,3,"bikesharing","windspeed"
0.427204305901379,0.307024429079795,0.575757575757576,"yes","X3",5,3,"bikesharing","windspeed"
0.394980313301108,0.289025199687008,0.537712852042228,"yes","X1",5,4,"bikesharing","windspeed"
0.411214910359027,0.282828282828283,0.552043296489047,"yes","X2",5,4,"bikesharing","windspeed"
0.437189861468808,0.323232323232323,0.593136015141423,"yes","X3",5,4,"bikesharing","windspeed"
0.380662535784553,0.278706424774369,0.535353535353535,"yes","X1",5,5,"bikesharing","windspeed"
0.419008522987011,0.313131313131313,0.55213110296571,"yes","X2",5,5,"bikesharing","windspeed"
0.463664791799504,0.326006776356488,0.654792903764339,"yes","X3",5,5,"bikesharing","windspeed"
0.38286591078292,0.273304218866697,0.535353535353535,"yes","X1",5,6,"bikesharing","windspeed"
0.407154997726174,0.303030303030303,0.552299829136552,"yes","X2",5,6,"bikesharing","windspeed"
0.441640281978121,0.329299786391005,0.613788347801513,"yes","X3",5,6,"bikesharing","windspeed"
0.425025191375374,0.313131313131313,0.58379905199877,"yes","X1",5,7,"bikesharing","windspeed"
0.416186243533252,0.292929292929293,0.575757575757576,"yes","X2",5,7,"bikesharing","windspeed"
0.44775279894276,0.319881547341286,0.616161616161616,"yes","X3",5,7,"bikesharing","windspeed"
0.403010760003942,0.29929006771607,0.545619264230408,"yes","X1",5,8,"bikesharing","windspeed"
0.41649847006565,0.272727272727273,0.593136015141423,"yes","X2",5,8,"bikesharing","windspeed"
0.408458637153242,0.303030303030303,0.555555555555556,"yes","X3",5,8,"bikesharing","windspeed"
0.399218268259176,0.278612978260328,0.545454545454546,"yes","X1",5,9,"bikesharing","windspeed"
0.345710257625034,0.196555896332551,0.518224444990638,"yes","X2",5,9,"bikesharing","windspeed"
0.456751705369197,0.323232323232323,0.656565656565657,"yes","X3",5,9,"bikesharing","windspeed"
0.398566608841441,0.282828282828283,0.552060513445255,"yes","X1",5,10,"bikesharing","windspeed"
0.392067311174517,0.292929292929293,0.53771932324301,"yes","X2",5,10,"bikesharing","windspeed"
0.442885962006334,0.319881547341286,0.62646183831972,"yes","X3",5,10,"bikesharing","windspeed"
0.390021434516791,0.272727272727273,0.567298321168663,"yes","X1",6,1,"bikesharing","windspeed"
0.402159212912005,0.288889690367885,0.537712852042228,"yes","X2",6,1,"bikesharing","windspeed"
0.445952438455318,0.32569511976471,0.634251293943312,"yes","X3",6,1,"bikesharing","windspeed"
0.387927165150981,0.268355679755116,0.535412518270753,"yes","X1",6,2,"bikesharing","windspeed"
0.438462553120247,0.336886913094742,0.585858585858586,"yes","X2",6,2,"bikesharing","windspeed"
0.418049908987607,0.29929006771607,0.573854330301962,"yes","X3",6,2,"bikesharing","windspeed"
0.411550181490466,0.303003052744442,0.564307854612897,"yes","X1",6,3,"bikesharing","windspeed"
0.398962918238456,0.313131313131313,0.537712852042228,"yes","X2",6,3,"bikesharing","windspeed"
0.452367806429168,0.333333333333333,0.616161616161616,"yes","X3",6,3,"bikesharing","windspeed"
0.39531873929135,0.292929292929293,0.532849388441842,"yes","X1",6,4,"bikesharing","windspeed"
0.436528257774643,0.314205651198716,0.595959595959596,"yes","X2",6,4,"bikesharing","windspeed"
0.475384214782122,0.339828519116165,0.675418965724009,"yes","X3",6,4,"bikesharing","windspeed"
0.384571018756983,0.282726673102246,0.537712852042228,"yes","X1",6,5,"bikesharing","windspeed"
0.416351124979666,0.31074928787107,0.552043296489047,"yes","X2",6,5,"bikesharing","windspeed"
0.42406334771246,0.289025199687008,0.593136015141423,"yes","X3",6,5,"bikesharing","windspeed"
0.448816042166107,0.318408132102737,0.61390456225592,"yes","X1",6,6,"bikesharing","windspeed"
0.44450103717319,0.320602789384381,0.605228225596746,"yes","X2",6,6,"bikesharing","windspeed"
0.426509366617866,0.330177287153895,0.575934643246857,"yes","X3",6,6,"bikesharing","windspeed"
0.374493164868385,0.268449126269157,0.515151515151515,"yes","X1",6,7,"bikesharing","windspeed"
0.35789859925219,0.268502587886625,0.494949494949495,"yes","X2",6,7,"bikesharing","windspeed"
0.426086058658764,0.313131313131313,0.565656565656566,"yes","X3",6,7,"bikesharing","windspeed"
0.441425587721579,0.323222646115558,0.593206604661877,"yes","X1",6,8,"bikesharing","windspeed"
0.427026327694483,0.288879953882305,0.606112256929231,"yes","X2",6,8,"bikesharing","windspeed"
0.456787684058167,0.313131313131313,0.665088643576947,"yes","X3",6,8,"bikesharing","windspeed"
0.41055361775745,0.28887027676554,0.572814722991048,"yes","X1",6,9,"bikesharing","windspeed"
0.389317995993792,0.28887027676554,0.552043296489047,"yes","X2",6,9,"bikesharing","windspeed"
0.438576011674284,0.313131313131313,0.585858585858586,"yes","X3",6,9,"bikesharing","windspeed"
0.446305251884069,0.324150372895524,0.595959595959596,"yes","X1",6,10,"bikesharing","windspeed"
0.397659215880445,0.29929006771607,0.545619264230408,"yes","X2",6,10,"bikesharing","windspeed"
0.405396254777705,0.303003052744442,0.552043296489047,"yes","X3",6,10,"bikesharing","windspeed"
0.404173487549766,0.292929292929293,0.567269378871588,"yes","X1",7,1,"bikesharing","windspeed"
0.359961158546794,0.268502587886625,0.497632965365421,"yes","X2",7,1,"bikesharing","windspeed"
0.440425207761166,0.32020570106852,0.592264273153541,"yes","X3",7,1,"bikesharing","windspeed"
0.384154240180101,0.252525252525253,0.537712852042228,"yes","X1",7,2,"bikesharing","windspeed"
0.46638224729961,0.323232323232323,0.64539262378101,"yes","X2",7,2,"bikesharing","windspeed"
0.400776816002983,0.292929292929293,0.548171974832372,"yes","X3",7,2,"bikesharing","windspeed"
0.434736377528666,0.314205651198716,0.595959595959596,"yes","X1",7,3,"bikesharing","windspeed"
0.392442264421576,0.29929006771607,0.532582199092132,"yes","X2",7,3,"bikesharing","windspeed"
0.438886178108818,0.313698582153972,0.603497476231695,"yes","X3",7,3,"bikesharing","windspeed"
0.446435815780943,0.319782252999016,0.61375376546706,"yes","X1",7,4,"bikesharing","windspeed"
0.421009389771703,0.314068776396859,0.565656565656566,"yes","X2",7,4,"bikesharing","windspeed"
0.469458232257927,0.336910898095805,0.646464646464647,"yes","X3",7,4,"bikesharing","windspeed"
0.343956494532726,0.171717171717172,0.494949494949495,"yes","X1",7,5,"bikesharing","windspeed"
0.430115722880622,0.321540519809592,0.584695105516194,"yes","X2",7,5,"bikesharing","windspeed"
0.439191121275052,0.323232323232323,0.595959595959596,"yes","X3",7,5,"bikesharing","windspeed"
0.400647066646244,0.252525252525253,0.567188399808595,"yes","X1",7,6,"bikesharing","windspeed"
0.428965078075928,0.322815850998524,0.604711895016938,"yes","X2",7,6,"bikesharing","windspeed"
0.448048247848177,0.330177287153895,0.629135216037179,"yes","X3",7,6,"bikesharing","windspeed"
0.396718357906086,0.14513181657886,0.582840275328814,"yes","X1",7,7,"bikesharing","windspeed"
0.434533245942438,0.313042675491247,0.595959595959596,"yes","X2",7,7,"bikesharing","windspeed"
0.432939757276539,0.319881547341286,0.595959595959596,"yes","X3",7,7,"bikesharing","windspeed"
0.377456581804883,0.292831690598236,0.515228338397493,"yes","X1",7,8,"bikesharing","windspeed"
0.396220006578065,0.309585807528678,0.532582199092132,"yes","X2",7,8,"bikesharing","windspeed"
0.404166143627411,0.25822465871837,0.565829299222387,"yes","X3",7,8,"bikesharing","windspeed"
0.412262572830693,0.252525252525253,0.574029141776291,"yes","X1",7,9,"bikesharing","windspeed"
0.361262171497507,0.252525252525253,0.505122460053693,"yes","X2",7,9,"bikesharing","windspeed"
0.458748860415605,0.330177287153895,0.646464646464647,"yes","X3",7,9,"bikesharing","windspeed"
0.40542803609149,0.292898035248453,0.542843504992324,"yes","X1",7,10,"bikesharing","windspeed"
0.405017450869338,0.29929006771607,0.552043296489047,"yes","X2",7,10,"bikesharing","windspeed"
0.411027171919026,0.292929292929293,0.575757575757576,"yes","X3",7,10,"bikesharing","windspeed"
0.384334120563814,0.272727272727273,0.537712852042228,"yes","X1",8,1,"bikesharing","windspeed"
0.389990799021127,0.284244793058123,0.537906394377536,"yes","X2",8,1,"bikesharing","windspeed"
0.401679579383823,0.289025199687008,0.565656565656566,"yes","X3",8,1,"bikesharing","windspeed"
0.42452945583732,0.311434641465792,0.582840275328814,"yes","X1",8,2,"bikesharing","windspeed"
0.429719308994494,0.323232323232323,0.582826383026218,"yes","X2",8,2,"bikesharing","windspeed"
0.394776305431178,0.25822465871837,0.545454545454546,"yes","X3",8,2,"bikesharing","windspeed"
0.390503590032214,0.292929292929293,0.535353535353535,"yes","X1",8,3,"bikesharing","windspeed"
0.412585489311832,0.312603702476748,0.545519999572545,"yes","X2",8,3,"bikesharing","windspeed"
0.43437423250965,0.268502587886625,0.63430410250382,"yes","X3",8,3,"bikesharing","windspeed"
0.397285701733451,0.272727272727273,0.545454545454546,"yes","X1",8,4,"bikesharing","windspeed"
0.396590053586292,0.313131313131313,0.527451546142036,"yes","X2",8,4,"bikesharing","windspeed"
0.447733879288952,0.309585807528678,0.636567360450633,"yes","X3",8,4,"bikesharing","windspeed"
0.395683808818169,0.292929292929293,0.562304602389239,"yes","X1",8,5,"bikesharing","windspeed"
0.397600311330063,0.252525252525253,0.575757575757576,"yes","X2",8,5,"bikesharing","windspeed"
0.43200406795117,0.313131313131313,0.606060606060606,"yes","X3",8,5,"bikesharing","windspeed"
0.370303121731005,0.25822465871837,0.527451546142036,"yes","X1",8,6,"bikesharing","windspeed"
0.386898847413835,0.29929006771607,0.525252525252525,"yes","X2",8,6,"bikesharing","windspeed"
0.481167505548016,0.341913284722148,0.676857293993182,"yes","X3",8,6,"bikesharing","windspeed"
0.405692487351474,0.289025199687008,0.562317811950467,"yes","X1",8,7,"bikesharing","windspeed"
0.401983114321777,0.282770902869057,0.575757575757576,"yes","X2",8,7,"bikesharing","windspeed"
0.441955636059668,0.333333333333333,0.596212121212121,"yes","X3",8,7,"bikesharing","windspeed"
0.418082240056614,0.289025199687008,0.596212121212121,"yes","X1",8,8,"bikesharing","windspeed"
0.402051560628027,0.282726673102246,0.552043296489047,"yes","X2",8,8,"bikesharing","windspeed"
0.437548508477273,0.307035382626073,0.603431754954031,"yes","X3",8,8,"bikesharing","windspeed"
0.418158755772133,0.301899475535893,0.553857132510007,"yes","X1",8,9,"bikesharing","windspeed"
0.420382287670403,0.2973178653824,0.56353591160221,"yes","X2",8,9,"bikesharing","windspeed"
0.445849564173533,0.335155837201212,0.60536599093082,"yes","X3",8,9,"bikesharing","windspeed"
0.400061748316597,0.285556695436794,0.53784111836598,"yes","X1",8,10,"bikesharing","windspeed"
0.395081512194948,0.292929292929293,0.537712852042228,"yes","X2",8,10,"bikesharing","windspeed"
0.426990536610967,0.2991965024644,0.606268812493098,"yes","X3",8,10,"bikesharing","windspeed"
0.420990742027065,0.302989071388625,0.565656565656566,"yes","X1",9,1,"bikesharing","windspeed"
0.419864203335815,0.309550512768451,0.575757575757576,"yes","X2",9,1,"bikesharing","windspeed"
0.478065617975927,0.333333333333333,0.737217448969535,"yes","X3",9,1,"bikesharing","windspeed"
0.390883487514145,0.262626262626263,0.537712852042228,"yes","X1",9,2,"bikesharing","windspeed"
0.386359368933249,0.282828282828283,0.542908781003879,"yes","X2",9,2,"bikesharing","windspeed"
0.43288282020867,0.299190031263618,0.596212121212121,"yes","X3",9,2,"bikesharing","windspeed"
0.413092079843931,0.289025199687008,0.562388401470922,"yes","X1",9,3,"bikesharing","windspeed"
0.403376004075075,0.299228056989312,0.562304602389239,"yes","X2",9,3,"bikesharing","windspeed"
0.444146123275781,0.323214334481526,0.593337661319911,"yes","X3",9,3,"bikesharing","windspeed"
0.416372430072442,0.293832708179717,0.596007239433242,"yes","X1",9,4,"bikesharing","windspeed"
0.39264718300912,0.262626262626263,0.545454545454546,"yes","X2",9,4,"bikesharing","windspeed"
0.427208857114699,0.303030303030303,0.593136015141423,"yes","X3",9,4,"bikesharing","windspeed"
0.383545365492233,0.227211874237853,0.537712852042228,"yes","X1",9,5,"bikesharing","windspeed"
0.405239439178431,0.272727272727273,0.555019544213737,"yes","X2",9,5,"bikesharing","windspeed"
0.406929180128545,0.292898035248453,0.545454545454546,"yes","X3",9,5,"bikesharing","windspeed"
0.416309423136977,0.278763893786816,0.613747116159835,"yes","X1",9,6,"bikesharing","windspeed"
0.406580453648985,0.313131313131313,0.552089871324031,"yes","X2",9,6,"bikesharing","windspeed"
0.440103405038988,0.328372029926632,0.603448675066167,"yes","X3",9,6,"bikesharing","windspeed"
0.409323080339067,0.278612978260328,0.584695105516194,"yes","X1",9,7,"bikesharing","windspeed"
0.422376476650839,0.304132188227639,0.582840275328814,"yes","X2",9,7,"bikesharing","windspeed"
0.449854551153952,0.333333333333333,0.621230050594104,"yes","X3",9,7,"bikesharing","windspeed"
0.386693591611424,0.272914818812315,0.535353535353535,"yes","X1",9,8,"bikesharing","windspeed"
0.403225188288195,0.292929292929293,0.552043296489047,"yes","X2",9,8,"bikesharing","windspeed"
0.472562643004632,0.3420415510459,0.654792903764339,"yes","X3",9,8,"bikesharing","windspeed"
0.35726915445747,0.201883594378011,0.537712852042228,"yes","X1",9,9,"bikesharing","windspeed"
0.401842601398967,0.278617787134303,0.562304602389239,"yes","X2",9,9,"bikesharing","windspeed"
0.445485708145283,0.333333333333333,0.599641471729164,"yes","X3",9,9,"bikesharing","windspeed"
0.406019477720665,0.292929292929293,0.546599829255289,"yes","X1",9,10,"bikesharing","windspeed"
0.39653984537986,0.282828282828283,0.543081277094443,"yes","X2",9,10,"bikesharing","windspeed"
0.418488899812751,0.309585807528678,0.603630521745016,"yes","X3",9,10,"bikesharing","windspeed"
0.390710734950302,0.292831690598236,0.542843504992324,"yes","X1",10,1,"bikesharing","windspeed"
0.435314784140927,0.312508979533195,0.592789479371118,"yes","X2",10,1,"bikesharing","windspeed"
0.39287260995995,0.262626262626263,0.567189587184885,"yes","X3",10,1,"bikesharing","windspeed"
0.411438245152833,0.30952293595411,0.56715945751152,"yes","X1",10,2,"bikesharing","windspeed"
0.429091961106302,0.313131313131313,0.61374889722427,"yes","X2",10,2,"bikesharing","windspeed"
0.485899983732945,0.343434343434343,0.6744742891475,"yes","X3",10,2,"bikesharing","windspeed"
0.402482243381268,0.281752252749667,0.555723747407067,"yes","X1",10,3,"bikesharing","windspeed"
0.390445561765534,0.273650131264449,0.527579812465789,"yes","X2",10,3,"bikesharing","windspeed"
0.402225402015927,0.272727272727273,0.585858585858586,"yes","X3",10,3,"bikesharing","windspeed"
0.420843008669034,0.309585807528678,0.578643642253023,"yes","X1",10,4,"bikesharing","windspeed"
0.360107809017648,0.227339814033125,0.542446416676463,"yes","X2",10,4,"bikesharing","windspeed"
0.414719535783366,0.2991310483464,0.575757575757576,"yes","X3",10,4,"bikesharing","windspeed"
0.433873013667888,0.309585807528678,0.595959595959596,"yes","X1",10,5,"bikesharing","windspeed"
0.385102366084734,0.268502587886625,0.53784111836598,"yes","X2",10,5,"bikesharing","windspeed"
0.445594056231766,0.324824149571417,0.613788347801513,"yes","X3",10,5,"bikesharing","windspeed"
0.361196449032466,0.242424242424242,0.530310807617731,"yes","X1",10,6,"bikesharing","windspeed"
0.403411518499916,0.289025199687008,0.542908781003879,"yes","X2",10,6,"bikesharing","windspeed"
0.404311134146211,0.289025199687008,0.586040521590657,"yes","X3",10,6,"bikesharing","windspeed"
0.395222137918506,0.29929006771607,0.535353535353535,"yes","X1",10,7,"bikesharing","windspeed"
0.399121112381604,0.29083814517575,0.555555555555556,"yes","X2",10,7,"bikesharing","windspeed"
0.445608339181162,0.330877690743096,0.616357325458654,"yes","X3",10,7,"bikesharing","windspeed"
0.405820558945515,0.289025199687008,0.562304602389239,"yes","X1",10,8,"bikesharing","windspeed"
0.399388139060762,0.282828282828283,0.552043296489047,"yes","X2",10,8,"bikesharing","windspeed"
0.423974882241956,0.319881547341286,0.585858585858586,"yes","X3",10,8,"bikesharing","windspeed"
0.429531387698544,0.317338395118459,0.575757575757576,"yes","X1",10,9,"bikesharing","windspeed"
0.389853551383115,0.289025199687008,0.532582199092132,"yes","X2",10,9,"bikesharing","windspeed"
0.458079491280502,0.328587568407717,0.636363636363636,"yes","X3",10,9,"bikesharing","windspeed"
0.452116647846752,0.324665842627521,0.616161616161616,"yes","X1",10,10,"bikesharing","windspeed"
0.399567862710804,0.282828282828283,0.563704519035423,"yes","X2",10,10,"bikesharing","windspeed"
0.466534575803883,0.336013508780054,0.654802580881104,"yes","X3",10,10,"bikesharing","windspeed"
0.523926952423312,0.461842749086036,0.606060606060606,"yes","X1",1,1,"parkinsons","DFA"
0.544560872693254,0.486751388615935,0.619968163544651,"yes","X2",1,1,"parkinsons","DFA"
0.481110998481803,0.425667486676987,0.550115617432719,"yes","X3",1,1,"parkinsons","DFA"
0.495165957274417,0.444444444444444,0.56053815978651,"yes","X1",1,2,"parkinsons","DFA"
0.5476372554766,0.473616318780018,0.651391036603376,"yes","X2",1,2,"parkinsons","DFA"
0.475175313551949,0.33735497539969,0.552311328669561,"yes","X3",1,2,"parkinsons","DFA"
0.492931044142644,0.401283076239698,0.566097270922905,"yes","X1",1,3,"parkinsons","DFA"
0.534178877752379,0.453035841116823,0.645397325743497,"yes","X2",1,3,"parkinsons","DFA"
0.495854943219888,0.440554660554803,0.562991963094364,"yes","X3",1,3,"parkinsons","DFA"
0.540341998607074,0.478507131561376,0.639485673379603,"yes","X1",1,4,"parkinsons","DFA"
0.570664654567061,0.507354277212907,0.646464646464647,"yes","X2",1,4,"parkinsons","DFA"
0.484887989578341,0.428910054291924,0.549271960703864,"yes","X3",1,4,"parkinsons","DFA"
0.51706565369246,0.442967556725521,0.61646294265904,"yes","X1",1,5,"parkinsons","DFA"
0.520423305187499,0.456523427758068,0.596217896337364,"yes","X2",1,5,"parkinsons","DFA"
0.494926123218762,0.438193201786898,0.564297428718864,"yes","X3",1,5,"parkinsons","DFA"
0.512127680548804,0.404073180031053,0.606060606060606,"yes","X1",1,6,"parkinsons","DFA"
0.554877738587376,0.474280077484367,0.746864480508809,"yes","X2",1,6,"parkinsons","DFA"
0.502767720152946,0.445479829584961,0.567852470834181,"yes","X3",1,6,"parkinsons","DFA"
0.518816136676815,0.449265474462454,0.606137241397937,"yes","X1",1,7,"parkinsons","DFA"
0.502744140115457,0.235342545376394,0.596630200054936,"yes","X2",1,7,"parkinsons","DFA"
0.495177836505917,0.414141414141414,0.575757575757576,"yes","X3",1,7,"parkinsons","DFA"
0.511192533194041,0.445100143832224,0.59706439753089,"yes","X1",1,8,"parkinsons","DFA"
0.521808875246951,0.458601151174965,0.595056262936568,"yes","X2",1,8,"parkinsons","DFA"
0.501781576431053,0.424227196300242,0.610742321956624,"yes","X3",1,8,"parkinsons","DFA"
0.517290667225216,0.456837633359422,0.597958363932877,"yes","X1",1,9,"parkinsons","DFA"
0.53902498158281,0.481554508562701,0.612938234317231,"yes","X2",1,9,"parkinsons","DFA"
0.481497127378001,0.429949605567565,0.545454545454545,"yes","X3",1,9,"parkinsons","DFA"
0.507702779587892,0.445974486301173,0.575757575757576,"yes","X1",1,10,"parkinsons","DFA"
0.544671880943926,0.482705518318927,0.613255248468299,"yes","X2",1,10,"parkinsons","DFA"
0.490806305747198,0.413195780480881,0.570362897664781,"yes","X3",1,10,"parkinsons","DFA"
0.511396567794224,0.449552169205998,0.580368294964666,"yes","X1",2,1,"parkinsons","DFA"
0.574247246615662,0.483490008746011,0.798074800226638,"yes","X2",2,1,"parkinsons","DFA"
0.494728597558243,0.434281373296051,0.555582707263786,"yes","X3",2,1,"parkinsons","DFA"
0.496180819745986,0.417012305039242,0.575365585540236,"yes","X1",2,2,"parkinsons","DFA"
0.556291166299472,0.494949494949495,0.634426017197806,"yes","X2",2,2,"parkinsons","DFA"
0.498558147466243,0.437095382083435,0.582632855175949,"yes","X3",2,2,"parkinsons","DFA"
0.52131519225708,0.461115543016925,0.604115315459752,"yes","X1",2,3,"parkinsons","DFA"
0.562098783660935,0.485100327716809,0.647541010572214,"yes","X2",2,3,"parkinsons","DFA"
0.494224014234966,0.428901025271488,0.562412338770571,"yes","X3",2,3,"parkinsons","DFA"
0.498614639971222,0.434343434343434,0.567781524426194,"yes","X1",2,4,"parkinsons","DFA"
0.546420667592985,0.482466238502904,0.636363636363636,"yes","X2",2,4,"parkinsons","DFA"
0.492599689005196,0.434343434343434,0.565656565656566,"yes","X3",2,4,"parkinsons","DFA"
0.510274418436269,0.44977663051036,0.57439180173564,"yes","X1",2,5,"parkinsons","DFA"
0.543451621689647,0.474736025058872,0.626273458213952,"yes","X2",2,5,"parkinsons","DFA"
0.497609293526918,0.434343434343434,0.58074017998853,"yes","X3",2,5,"parkinsons","DFA"
0.52266127080338,0.464025207703385,0.597954442019467,"yes","X1",2,6,"parkinsons","DFA"
0.528752541055107,0.45453548455312,0.615012215395507,"yes","X2",2,6,"parkinsons","DFA"
0.477718812025132,0.399276931334048,0.548438877338638,"yes","X3",2,6,"parkinsons","DFA"
0.515198745907131,0.444444444444444,0.594026760666168,"yes","X1",2,7,"parkinsons","DFA"
0.532117228146754,0.465708082072288,0.615142565143987,"yes","X2",2,7,"parkinsons","DFA"
0.479382282835179,0.422724047564046,0.54359362627297,"yes","X3",2,7,"parkinsons","DFA"
0.549111605588253,0.470666371876692,0.778961067898234,"yes","X1",2,8,"parkinsons","DFA"
0.563162786989246,0.484848484848485,0.686918170497787,"yes","X2",2,8,"parkinsons","DFA"
0.474741717436051,0.232255295588724,0.593260515037737,"yes","X3",2,8,"parkinsons","DFA"
0.504084217703259,0.434343434343434,0.578855456372808,"yes","X1",2,9,"parkinsons","DFA"
0.585250684970079,0.513170288043709,0.691680996734899,"yes","X2",2,9,"parkinsons","DFA"
0.480689826068168,0.428042514116015,0.540878548828827,"yes","X3",2,9,"parkinsons","DFA"
0.509126420939397,0.42833619072739,0.590083980664536,"yes","X1",2,10,"parkinsons","DFA"
0.547294009327546,0.478547564621066,0.636789659595155,"yes","X2",2,10,"parkinsons","DFA"
0.497824784136737,0.425606905325872,0.586752997606053,"yes","X3",2,10,"parkinsons","DFA"
0.51744141408395,0.454797297413778,0.595959595959596,"yes","X1",3,1,"parkinsons","DFA"
0.53134896783284,0.466926798707292,0.61616807367106,"yes","X2",3,1,"parkinsons","DFA"
0.49891119380171,0.441731385420941,0.575951918778179,"yes","X3",3,1,"parkinsons","DFA"
0.560891847132148,0.483502859117974,0.681750280998632,"yes","X1",3,2,"parkinsons","DFA"
0.54758145598665,0.469299980117479,0.656565656565657,"yes","X2",3,2,"parkinsons","DFA"
0.483121360378159,0.42613139300618,0.550428048835149,"yes","X3",3,2,"parkinsons","DFA"
0.517468200896208,0.459021234072435,0.587596244904386,"yes","X1",3,3,"parkinsons","DFA"
0.570916917496733,0.485527816278613,0.707204145505573,"yes","X2",3,3,"parkinsons","DFA"
0.498497750861672,0.438251915560199,0.575757575757576,"yes","X3",3,3,"parkinsons","DFA"
0.508872107696604,0.43827110133075,0.58588548616211,"yes","X1",3,4,"parkinsons","DFA"
0.541900919825172,0.474893706090372,0.629488953133566,"yes","X2",3,4,"parkinsons","DFA"
0.483985721361987,0.422734434169893,0.549957254017016,"yes","X3",3,4,"parkinsons","DFA"
0.526666088866823,0.464646464646465,0.60606706357005,"yes","X1",3,5,"parkinsons","DFA"
0.552225243963127,0.484848484848485,0.656565656565657,"yes","X2",3,5,"parkinsons","DFA"
0.4890307325732,0.428112268147398,0.55635612151783,"yes","X3",3,5,"parkinsons","DFA"
0.552132981309281,0.479372969368276,0.698510132615264,"yes","X1",3,6,"parkinsons","DFA"
0.550242197834529,0.484848484848485,0.626262626262626,"yes","X2",3,6,"parkinsons","DFA"
0.498845257099382,0.439519591465917,0.573065814304152,"yes","X3",3,6,"parkinsons","DFA"
0.496279974336608,0.424242424242424,0.567669390744399,"yes","X1",3,7,"parkinsons","DFA"
0.549571140061441,0.363635523226347,0.741896723521482,"yes","X2",3,7,"parkinsons","DFA"
0.487211570994965,0.433051027397654,0.556546212207408,"yes","X3",3,7,"parkinsons","DFA"
0.536315907683043,0.469619968027068,0.633200203767106,"yes","X1",3,8,"parkinsons","DFA"
0.56408610539345,0.491449330889967,0.656615140194757,"yes","X2",3,8,"parkinsons","DFA"
0.493015808040583,0.434343434343434,0.562657681031501,"yes","X3",3,8,"parkinsons","DFA"
0.506803506966353,0.438415350167967,0.58045079880613,"yes","X1",3,9,"parkinsons","DFA"
0.552788345682332,0.487726767044664,0.626262626262626,"yes","X2",3,9,"parkinsons","DFA"
0.507344453466282,0.437929708106207,0.608542092618068,"yes","X3",3,9,"parkinsons","DFA"
0.49948834229196,0.417528115665702,0.574866956629671,"yes","X1",3,10,"parkinsons","DFA"
0.511701455331561,0.445544361581454,0.585858585858586,"yes","X2",3,10,"parkinsons","DFA"
0.488704723592737,0.433310721275791,0.56023225772344,"yes","X3",3,10,"parkinsons","DFA"
0.491190902367629,0.407042513828696,0.565669782361101,"yes","X1",4,1,"parkinsons","DFA"
0.529281600565905,0.460817197461014,0.611415145596367,"yes","X2",4,1,"parkinsons","DFA"
0.488837818393286,0.42911967553565,0.552692989744987,"yes","X3",4,1,"parkinsons","DFA"
0.519262598392619,0.459038559448162,0.591202164149172,"yes","X1",4,2,"parkinsons","DFA"
0.537509940973048,0.47539991305707,0.627419942685474,"yes","X2",4,2,"parkinsons","DFA"
0.50105450942466,0.422318064879079,0.596076513513793,"yes","X3",4,2,"parkinsons","DFA"
0.513596077109702,0.438826518972867,0.585858585858586,"yes","X1",4,3,"parkinsons","DFA"
0.523742128303171,0.313049462942084,0.684806442798677,"yes","X2",4,3,"parkinsons","DFA"
0.481911928190771,0.262625422216246,0.570568941778693,"yes","X3",4,3,"parkinsons","DFA"
0.510762360491937,0.444444444444444,0.587873005570554,"yes","X1",4,4,"parkinsons","DFA"
0.504072702505772,0.450804495058676,0.574391658075809,"yes","X2",4,4,"parkinsons","DFA"
0.490528295527812,0.430054584989731,0.56023225772344,"yes","X3",4,4,"parkinsons","DFA"
0.481856844701423,0.193645695779044,0.583494835716363,"yes","X1",4,5,"parkinsons","DFA"
0.513329646734727,0.444444444444444,0.582181181481444,"yes","X2",4,5,"parkinsons","DFA"
0.491456873605781,0.435272166424744,0.556722533102099,"yes","X3",4,5,"parkinsons","DFA"
0.507927037757252,0.448441750535277,0.595078846262144,"yes","X1",4,6,"parkinsons","DFA"
0.516819936766688,0.450788520085368,0.587668541714793,"yes","X2",4,6,"parkinsons","DFA"
0.486623012466226,0.353030303030303,0.57155696227263,"yes","X3",4,6,"parkinsons","DFA"
0.518130635344226,0.453756058135112,0.598727475574956,"yes","X1",4,7,"parkinsons","DFA"
0.533583596230826,0.469073514758462,0.616161616161616,"yes","X2",4,7,"parkinsons","DFA"
0.491657201782301,0.435312161321947,0.553401455389026,"yes","X3",4,7,"parkinsons","DFA"
0.536747649150511,0.475731070518589,0.623584390382377,"yes","X1",4,8,"parkinsons","DFA"
0.566928701625425,0.419999912367503,0.768771333485038,"yes","X2",4,8,"parkinsons","DFA"
0.497152309877705,0.440532055680252,0.561581281008975,"yes","X3",4,8,"parkinsons","DFA"
0.504790123903732,0.443758540577007,0.585858585858586,"yes","X1",4,9,"parkinsons","DFA"
0.548270236785881,0.464646464646465,0.654655404597804,"yes","X2",4,9,"parkinsons","DFA"
0.479724242654098,0.263393556971467,0.581809806449982,"yes","X3",4,9,"parkinsons","DFA"
0.502880602877104,0.428735529145132,0.585331778071993,"yes","X1",4,10,"parkinsons","DFA"
0.53803995438513,0.380621172183779,0.661571878472977,"yes","X2",4,10,"parkinsons","DFA"
0.484486296288635,0.431794334286085,0.548432527574068,"yes","X3",4,10,"parkinsons","DFA"
0.508449626829221,0.445040474721041,0.582645569071072,"yes","X1",5,1,"parkinsons","DFA"
0.573880083690472,0.509979603177066,0.654710742365054,"yes","X2",5,1,"parkinsons","DFA"
0.483872614241172,0.262576685618272,0.578915269143822,"yes","X3",5,1,"parkinsons","DFA"
0.502706604674576,0.450804495058676,0.565656565656566,"yes","X1",5,2,"parkinsons","DFA"
0.535060940213375,0.475406370566514,0.618145594355203,"yes","X2",5,2,"parkinsons","DFA"
0.497760669615716,0.443975301714379,0.572502689312054,"yes","X3",5,2,"parkinsons","DFA"
0.519652236323871,0.449106536407424,0.600643718157798,"yes","X1",5,3,"parkinsons","DFA"
0.567887944469154,0.494882017926449,0.693114025107141,"yes","X2",5,3,"parkinsons","DFA"
0.497512054209176,0.434835354339849,0.579584594666658,"yes","X3",5,3,"parkinsons","DFA"
0.513558048915598,0.439647441533322,0.596494039266254,"yes","X1",5,4,"parkinsons","DFA"
0.529949980807047,0.459869933261389,0.616188164498553,"yes","X2",5,4,"parkinsons","DFA"
0.485627465059056,0.433278498375495,0.548536400815528,"yes","X3",5,4,"parkinsons","DFA"
0.513649031560341,0.451027649058568,0.582399486962008,"yes","X1",5,5,"parkinsons","DFA"
0.556929349243947,0.47539991305707,0.656565656565657,"yes","X2",5,5,"parkinsons","DFA"
0.508628069866948,0.443314646062399,0.593293844118739,"yes","X3",5,5,"parkinsons","DFA"
0.538990155279039,0.470486150617565,0.641418695430813,"yes","X1",5,6,"parkinsons","DFA"
0.550121903986963,0.42157713211303,0.7800912757108,"yes","X2",5,6,"parkinsons","DFA"
0.498240601486477,0.443153287339202,0.573393825615352,"yes","X3",5,6,"parkinsons","DFA"
0.543688724484577,0.474747474747475,0.651189618336052,"yes","X1",5,7,"parkinsons","DFA"
0.573254756864354,0.497561668856043,0.686868686868687,"yes","X2",5,7,"parkinsons","DFA"
0.495966137366382,0.440624127266521,0.57340434869804,"yes","X3",5,7,"parkinsons","DFA"
0.521831179297814,0.466567117586147,0.587900775016061,"yes","X1",5,8,"parkinsons","DFA"
0.536041737490964,0.476930242233462,0.606060606060606,"yes","X2",5,8,"parkinsons","DFA"
0.503208601833559,0.44087247920093,0.590542708056788,"yes","X3",5,8,"parkinsons","DFA"
0.464958710727712,0.323140380939903,0.541155438788844,"yes","X1",5,9,"parkinsons","DFA"
0.539851483891136,0.474687561414578,0.626262626262626,"yes","X2",5,9,"parkinsons","DFA"
0.482043154838865,0.431775378371265,0.541127805820177,"yes","X3",5,9,"parkinsons","DFA"
0.526291764786332,0.429571004446559,0.747474747474748,"yes","X1",5,10,"parkinsons","DFA"
0.56123127451555,0.472177048388079,0.658403439331304,"yes","X2",5,10,"parkinsons","DFA"
0.492808149477481,0.432891213017649,0.564775815959113,"yes","X3",5,10,"parkinsons","DFA"
0.524030862729008,0.461842749086036,0.608750586132114,"yes","X1",6,1,"parkinsons","DFA"
0.545348288896474,0.484848484848485,0.617224153010363,"yes","X2",6,1,"parkinsons","DFA"
0.499886494366811,0.40491779209779,0.586048813025005,"yes","X3",6,1,"parkinsons","DFA"
0.523212504783872,0.444412271825089,0.61799267564713,"yes","X1",6,2,"parkinsons","DFA"
0.552234899340429,0.480582829374643,0.641109331165794,"yes","X2",6,2,"parkinsons","DFA"
0.508259396214966,0.44444289291826,0.595959595959596,"yes","X3",6,2,"parkinsons","DFA"
0.537705284440721,0.475416642244495,0.621970242877058,"yes","X1",6,3,"parkinsons","DFA"
0.556402581969427,0.460385140516555,0.704130442840051,"yes","X2",6,3,"parkinsons","DFA"
0.49102370760742,0.425676659357254,0.569456655530157,"yes","X3",6,3,"parkinsons","DFA"
0.50997626682113,0.443485902948015,0.590568811048246,"yes","X1",6,4,"parkinsons","DFA"
0.549834291544412,0.481583915730292,0.648481314452984,"yes","X2",6,4,"parkinsons","DFA"
0.492502715170823,0.433310053257573,0.565928556816314,"yes","X3",6,4,"parkinsons","DFA"
0.543817287966708,0.467958958684581,0.648112309808749,"yes","X1",6,5,"parkinsons","DFA"
0.523504694515987,0.465459248877442,0.601306916588803,"yes","X2",6,5,"parkinsons","DFA"
0.497732326967479,0.418608487882581,0.588209248590123,"yes","X3",6,5,"parkinsons","DFA"
0.524462291880002,0.441860413498967,0.617236213253252,"yes","X1",6,6,"parkinsons","DFA"
0.521242105317598,0.452107209597396,0.602811365446478,"yes","X2",6,6,"parkinsons","DFA"
0.487096705765127,0.434489665686332,0.5504371496855,"yes","X3",6,6,"parkinsons","DFA"
0.505123577624004,0.450976103910881,0.570676801580488,"yes","X1",6,7,"parkinsons","DFA"
0.50991451895218,0.441730358253143,0.585858585858586,"yes","X2",6,7,"parkinsons","DFA"
0.47902241725481,0.254999419614279,0.584791265137437,"yes","X3",6,7,"parkinsons","DFA"
0.536562788828092,0.473830458125458,0.629081210615657,"yes","X1",6,8,"parkinsons","DFA"
0.506038290229638,0.257146178763399,0.634426017197806,"yes","X2",6,8,"parkinsons","DFA"
0.485273185547591,0.282672411910664,0.570662787563886,"yes","X3",6,8,"parkinsons","DFA"
0.508306048883418,0.443519799485353,0.58586504336803,"yes","X1",6,9,"parkinsons","DFA"
0.532025134436871,0.466398741080161,0.616263219577732,"yes","X2",6,9,"parkinsons","DFA"
0.486059841502981,0.422336130102941,0.562958346693698,"yes","X3",6,9,"parkinsons","DFA"
0.500371858015816,0.432351727250891,0.580250680660284,"yes","X1",6,10,"parkinsons","DFA"
0.550844666944792,0.489427476781698,0.626262626262626,"yes","X2",6,10,"parkinsons","DFA"
0.490775621156381,0.435339456690009,0.553388741493902,"yes","X3",6,10,"parkinsons","DFA"
0.519735725959102,0.422715736842771,0.621571608392493,"yes","X1",7,1,"parkinsons","DFA"
0.555935668265313,0.47474592322129,0.661548260796611,"yes","X2",7,1,"parkinsons","DFA"
0.496398223617447,0.43823215515032,0.569508200677845,"yes","X3",7,1,"parkinsons","DFA"
0.524756687077856,0.469619968027068,0.600029083932969,"yes","X1",7,2,"parkinsons","DFA"
0.528706379990599,0.44358610568077,0.616161616161616,"yes","X2",7,2,"parkinsons","DFA"
0.486814964987226,0.416027222388867,0.565739529209492,"yes","X3",7,2,"parkinsons","DFA"
0.53408072073563,0.45921756678171,0.631614213588841,"yes","X1",7,3,"parkinsons","DFA"
0.541212199937709,0.48437223095674,0.616163648948238,"yes","X2",7,3,"parkinsons","DFA"
0.500491922869611,0.436971080413878,0.575481360998769,"yes","X3",7,3,"parkinsons","DFA"
0.503174926245042,0.444444444444445,0.58043427792546,"yes","X1",7,4,"parkinsons","DFA"
0.533136499538565,0.46694642264033,0.606060606060606,"yes","X2",7,4,"parkinsons","DFA"
0.491425104957873,0.292882057576562,0.574906240410707,"yes","X3",7,4,"parkinsons","DFA"
0.508061784071228,0.451280885427262,0.568766743553409,"yes","X1",7,5,"parkinsons","DFA"
0.548499583386488,0.491449654124589,0.626262626262626,"yes","X2",7,5,"parkinsons","DFA"
0.485614134863253,0.428476747506927,0.554496186406102,"yes","X3",7,5,"parkinsons","DFA"
0.495289734585587,0.418207217240099,0.572546677952583,"yes","X1",7,6,"parkinsons","DFA"
0.552626036505687,0.480685244468809,0.645397325743497,"yes","X2",7,6,"parkinsons","DFA"
0.487232653937256,0.288090089942548,0.590557777973155,"yes","X3",7,6,"parkinsons","DFA"
0.526306738450611,0.468719702141451,0.596233030900655,"yes","X1",7,7,"parkinsons","DFA"
0.546447383149966,0.475806046584861,0.633197854928854,"yes","X2",7,7,"parkinsons","DFA"
0.498709057522546,0.436597435557073,0.570691641641124,"yes","X3",7,7,"parkinsons","DFA"
0.525088270059797,0.460270011527265,0.604993285339457,"yes","X1",7,8,"parkinsons","DFA"
0.53552004169583,0.464573693758612,0.616161616161616,"yes","X2",7,8,"parkinsons","DFA"
0.490669157728152,0.434328177669286,0.556349419786671,"yes","X3",7,8,"parkinsons","DFA"
0.491191170724195,0.428837405514929,0.555555555555556,"yes","X1",7,9,"parkinsons","DFA"
0.540047279599959,0.444444444444444,0.656574146861722,"yes","X2",7,9,"parkinsons","DFA"
0.4903297208632,0.415728948662872,0.573125971858763,"yes","X3",7,9,"parkinsons","DFA"
0.510667880879566,0.447045685837784,0.581963881619701,"yes","X1",7,10,"parkinsons","DFA"
0.548106378668929,0.315773504759738,0.747474747474747,"yes","X2",7,10,"parkinsons","DFA"
0.492991150554355,0.440581697335168,0.563024961757753,"yes","X3",7,10,"parkinsons","DFA"
0.522001756385105,0.453005141010745,0.600457290793933,"yes","X1",8,1,"parkinsons","DFA"
0.531352782288697,0.460251235187235,0.61103410944121,"yes","X2",8,1,"parkinsons","DFA"
0.490793673738178,0.424209123893388,0.57311060743974,"yes","X3",8,1,"parkinsons","DFA"
0.520658038169843,0.459102193570706,0.595078846262144,"yes","X1",8,2,"parkinsons","DFA"
0.532327245891616,0.474715970146338,0.601377625958068,"yes","X2",8,2,"parkinsons","DFA"
0.488144485301301,0.431776606662828,0.548503682288811,"yes","X3",8,2,"parkinsons","DFA"
0.519828648011576,0.445484132196926,0.606060606060606,"yes","X1",8,3,"parkinsons","DFA"
0.564838880039443,0.498469239844112,0.656565656565657,"yes","X2",8,3,"parkinsons","DFA"
0.485162250563434,0.435322310889071,0.545458510465906,"yes","X3",8,3,"parkinsons","DFA"
0.529149248486687,0.459873891089758,0.614320385560003,"yes","X1",8,4,"parkinsons","DFA"
0.536843926234699,0.471543056000901,0.630080041511945,"yes","X2",8,4,"parkinsons","DFA"
0.502977732726055,0.433314966423824,0.591876208897486,"yes","X3",8,4,"parkinsons","DFA"
0.53327270830963,0.4618505569979,0.626262626262626,"yes","X1",8,5,"parkinsons","DFA"
0.558644965125139,0.471423459190839,0.758092616918991,"yes","X2",8,5,"parkinsons","DFA"
0.487657112713206,0.433047277876041,0.552756954285143,"yes","X3",8,5,"parkinsons","DFA"
0.521165490092643,0.446044240332555,0.595959595959596,"yes","X1",8,6,"parkinsons","DFA"
0.536507246776561,0.470505429767007,0.619979031410935,"yes","X2",8,6,"parkinsons","DFA"
0.477148404916155,0.224379669662836,0.577713303245218,"yes","X3",8,6,"parkinsons","DFA"
0.529878285644016,0.459219642666281,0.614567444555924,"yes","X1",8,7,"parkinsons","DFA"
0.557496722257275,0.488850136649232,0.657013695666415,"yes","X2",8,7,"parkinsons","DFA"
0.504702312693438,0.444879115997844,0.573132221061451,"yes","X3",8,7,"parkinsons","DFA"
0.540185020072152,0.460394521503578,0.666666666666667,"yes","X1",8,8,"parkinsons","DFA"
0.533990961785335,0.450380425600872,0.611443755451891,"yes","X2",8,8,"parkinsons","DFA"
0.492609817310665,0.402608632691691,0.580757182129637,"yes","X3",8,8,"parkinsons","DFA"
0.531515451189561,0.449241605381382,0.6467411629091,"yes","X1",8,9,"parkinsons","DFA"
0.513210561640986,0.440406532902124,0.594874791836904,"yes","X2",8,9,"parkinsons","DFA"
0.490839792279376,0.433055401839536,0.560657246604169,"yes","X3",8,9,"parkinsons","DFA"
0.546352438654379,0.481536127287208,0.636390184700573,"yes","X1",8,10,"parkinsons","DFA"
0.537438607258155,0.473631173206637,0.624416611788611,"yes","X2",8,10,"parkinsons","DFA"
0.48527117000015,0.267331948165234,0.590735837151812,"yes","X3",8,10,"parkinsons","DFA"
0.521631482362595,0.449030461343438,0.604150354092754,"yes","X1",9,1,"parkinsons","DFA"
0.541704908626601,0.471098048122596,0.631600163657281,"yes","X2",9,1,"parkinsons","DFA"
0.488854976836289,0.431980424049345,0.555555555555556,"yes","X3",9,1,"parkinsons","DFA"
0.534333269835688,0.474897455611985,0.609168830183735,"yes","X1",9,2,"parkinsons","DFA"
0.537555412470363,0.469463860070727,0.628302200811161,"yes","X2",9,2,"parkinsons","DFA"
0.475108395652969,0.22965862976103,0.576788047731841,"yes","X3",9,2,"parkinsons","DFA"
0.528761134211612,0.461080827618545,0.614825263673255,"yes","X1",9,3,"parkinsons","DFA"
0.529834519101586,0.463675647417399,0.609867297103473,"yes","X2",9,3,"parkinsons","DFA"
0.503329574042852,0.329472906330342,0.604978028665308,"yes","X3",9,3,"parkinsons","DFA"
0.510480946109175,0.453915649842376,0.57892350085219,"yes","X1",9,4,"parkinsons","DFA"
0.525462429218801,0.463519790865763,0.600151273802998,"yes","X2",9,4,"parkinsons","DFA"
0.499277807371703,0.441945338008599,0.576159830469906,"yes","X3",9,4,"parkinsons","DFA"
0.523738140593557,0.453619926078397,0.597794993972034,"yes","X1",9,5,"parkinsons","DFA"
0.548575950941891,0.475908856743565,0.656565656565657,"yes","X2",9,5,"parkinsons","DFA"
0.498051177953158,0.43919375660117,0.575782515104395,"yes","X3",9,5,"parkinsons","DFA"
0.518188259601361,0.4600827293874,0.593312627641761,"yes","X1",9,6,"parkinsons","DFA"
0.544476721935477,0.454797297413778,0.673590926904728,"yes","X2",9,6,"parkinsons","DFA"
0.4963965367637,0.438454756059859,0.56566752690174,"yes","X3",9,6,"parkinsons","DFA"
0.54751215275982,0.463185839220513,0.663522563500519,"yes","X1",9,7,"parkinsons","DFA"
0.555141823859255,0.493486104071779,0.630765334825097,"yes","X2",9,7,"parkinsons","DFA"
0.495453298774524,0.418780340956499,0.57588064913557,"yes","X3",9,7,"parkinsons","DFA"
0.512994226024036,0.455630919503374,0.586227346281107,"yes","X1",9,8,"parkinsons","DFA"
0.508495079363438,0.340292517276532,0.589943050369435,"yes","X2",9,8,"parkinsons","DFA"
0.494902605816959,0.439215671908527,0.567808589938526,"yes","X3",9,8,"parkinsons","DFA"
0.512081118098725,0.425228031251185,0.587897829989507,"yes","X1",9,9,"parkinsons","DFA"
0.541228237259384,0.469142442745811,0.636363636363636,"yes","X2",9,9,"parkinsons","DFA"
0.505888039859282,0.444423901088482,0.606199754973791,"yes","X3",9,9,"parkinsons","DFA"
0.511994563050002,0.453893504679288,0.58586504336803,"yes","X1",9,10,"parkinsons","DFA"
0.531036018393056,0.471975285337158,0.609186126827497,"yes","X2",9,10,"parkinsons","DFA"
0.485755330067083,0.433310721275791,0.5504371496855,"yes","X3",9,10,"parkinsons","DFA"
0.513765227367543,0.393899047075603,0.608701001941132,"yes","X1",10,1,"parkinsons","DFA"
0.551237501019985,0.474897455611985,0.666693215003603,"yes","X2",10,1,"parkinsons","DFA"
0.485222945980455,0.42804015091178,0.545481697162776,"yes","X3",10,1,"parkinsons","DFA"
0.529946385001454,0.450831273251344,0.630814473670601,"yes","X1",10,2,"parkinsons","DFA"
0.512837507800729,0.413310306098877,0.600643718157798,"yes","X2",10,2,"parkinsons","DFA"
0.464443193167309,0.216083745349731,0.575757575757576,"yes","X3",10,2,"parkinsons","DFA"
0.500468965741153,0.440930352564213,0.563746313688713,"yes","X1",10,3,"parkinsons","DFA"
0.536581330715277,0.475185924554453,0.615094295440467,"yes","X2",10,3,"parkinsons","DFA"
0.484564203302797,0.42744356754483,0.545454545454546,"yes","X3",10,3,"parkinsons","DFA"
0.498389318144467,0.424242424242424,0.567985190969888,"yes","X1",10,4,"parkinsons","DFA"
0.538769922745489,0.449316229481066,0.645145080627644,"yes","X2",10,4,"parkinsons","DFA"
0.480137668067637,0.419039453012317,0.541431610449701,"yes","X3",10,4,"parkinsons","DFA"
0.495208833700528,0.393698260911539,0.575757575757576,"yes","X1",10,5,"parkinsons","DFA"
0.547986718361221,0.471152926178384,0.664729047500836,"yes","X2",10,5,"parkinsons","DFA"
0.488762056795053,0.299991919134455,0.576788047731841,"yes","X3",10,5,"parkinsons","DFA"
0.50866613426333,0.403195720143752,0.596891660949006,"yes","X1",10,6,"parkinsons","DFA"
0.544624018947008,0.476671941855694,0.645145777377829,"yes","X2",10,6,"parkinsons","DFA"
0.477479487674561,0.415189412615172,0.542277795591597,"yes","X3",10,6,"parkinsons","DFA"
0.510915534339872,0.455568513672393,0.585858585858586,"yes","X1",10,7,"parkinsons","DFA"
0.522350234625238,0.453931078908323,0.616209885865137,"yes","X2",10,7,"parkinsons","DFA"
0.483854569704325,0.428918673881838,0.552697938826196,"yes","X3",10,7,"parkinsons","DFA"
0.517992819881601,0.454529709427878,0.595243006352063,"yes","X1",10,8,"parkinsons","DFA"
0.558716542487108,0.485100327716809,0.656565656565657,"yes","X2",10,8,"parkinsons","DFA"
0.508374248802739,0.424218267841689,0.597915021761591,"yes","X3",10,8,"parkinsons","DFA"
0.547203653326989,0.468883962793253,0.686981014491255,"yes","X1",10,9,"parkinsons","DFA"
0.544186365015498,0.458732413163378,0.636363636363636,"yes","X2",10,9,"parkinsons","DFA"
0.480651014066022,0.383007412272687,0.551918045513734,"yes","X3",10,9,"parkinsons","DFA"
0.520733830798599,0.459874451363102,0.595959595959596,"yes","X1",10,10,"parkinsons","DFA"
0.511185128678985,0.449567928689558,0.583542265009867,"yes","X2",10,10,"parkinsons","DFA"
0.495830456688859,0.438522391108721,0.569628185369453,"yes","X3",10,10,"parkinsons","DFA"
