"Model","RMSE","Mean_CRPS","Median_CRPS","Runtime","Coverage_Q_80","Width_Q_80","Coverage_HPD_80","Width_HPD_80","Coverage_Q_90","Width_Q_90","Coverage_HPD_90","Width_HPD_90","Coverage_Q_95","Width_Q_95","Coverage_HPD_95","Width_HPD_95","Scenario","Iteration","N_train"
"sebart",4.9513774898396,5.51040736526423,4.63237873995864,4.375,0.841,10.0203918006471,0.868,7.40540428350682,0.921,12.0286392854676,0.945,10.1072120183036,0.949,13.4762691864824,0.967,12.0869988649187,"sigmoid",1,200
"sebart",5.08312007984054,5.21331476586906,4.18595106465523,4.238,0.88,10.0818360162309,0.852,7.15049085465129,0.936,12.1987316522432,0.926,10.1400422678513,0.969,13.7239174272992,0.953,12.2510237091311,"sigmoid",2,200
"sebart",4.55596425263041,4.67672771848506,3.74323493942692,4.331,0.863,7.6683603892928,0.853,5.14049650089428,0.936,9.9333426950946,0.916,7.74731327867126,0.967,11.6831646522283,0.956,9.99612162682891,"sigmoid",3,200
"sebart",4.55664838334349,5.25994366375683,4.22911182740449,4.352,0.842,8.64705701760593,0.849,6.01234826362571,0.919,10.8186034438526,0.924,8.738706791783,0.949,12.4439004491968,0.959,10.8905001323403,"sigmoid",4,200
"sebart",4.80651774988,5.4542638500102,4.35018532063027,4.221,0.851,8.85889472663971,0.843,6.2597489810263,0.925,11.0351841868879,0.922,8.94186116337567,0.958,12.6510904125861,0.957,11.0953392260911,"sigmoid",5,200
"sebart",5.59297155981691,6.00812043155808,4.63449813147781,4.353,0.897,10.946704618849,0.834,7.73221606144639,0.954,13.1623645103032,0.941,10.9874165638423,0.979,14.6725118396716,0.976,13.2158891696398,"sigmoid",6,200
"sebart",4.87290320017206,5.54686368728973,4.61135560866042,4.424,0.86,9.89870847318048,0.844,7.19039596413355,0.915,11.9406167218759,0.926,9.9671460869518,0.942,13.4110176874179,0.953,11.9851365023228,"sigmoid",7,200
"sebart",4.71502710935881,5.39020672004824,4.42543216105929,4.341,0.856,9.67671151346961,0.879,6.6779545089417,0.917,11.9117428671322,0.942,9.74220365094844,0.952,13.5366867116735,0.974,11.9759606024841,"sigmoid",8,200
"sebart",4.50158676672053,4.83075442990502,4.08405599239658,4.311,0.891,9.34440176446395,0.873,6.52706324317971,0.928,11.4535472591249,0.943,9.41928289423395,0.945,12.9340762088245,0.958,11.5069889632549,"sigmoid",9,200
"sebart",4.9852308977242,5.85487001371563,4.62970426692094,4.438,0.824,9.2383759210419,0.78,6.49102863874408,0.907,11.2775169554342,0.894,9.30949738880264,0.937,12.8067296017576,0.944,11.3416002359149,"sigmoid",10,200
"sebart",4.69086884911772,4.64901841517257,3.84385160884099,4.541,0.888,10.390387635288,0.907,7.50868162406471,0.93,12.4378739330509,0.939,10.4676127546451,0.951,13.8588684592476,0.955,12.4945368190653,"sigmoid",11,200
"sebart",5.00311888309389,5.44931405052393,4.37880908748096,4.40799999999999,0.871,10.2573830220814,0.84,7.33678941849823,0.932,12.3722573950107,0.924,10.3241759170905,0.957,13.8166356278898,0.957,12.4260292652619,"sigmoid",12,200
"sebart",4.90711330429372,5.4420121494929,4.30785004851719,4.264,0.891,10.0864180189598,0.873,7.23714394663335,0.953,12.1649915202186,0.953,10.1263669437131,0.978,13.6522424868278,0.984,12.2129690983964,"sigmoid",13,200
"sebart",5.19374306132843,5.48158822013949,4.32587207553896,4.467,0.887,10.7443897699514,0.856,7.64759921338541,0.952,12.8758311377098,0.946,10.7970233344719,0.982,14.4448269989709,0.981,12.9241782303528,"sigmoid",14,200
"sebart",4.79064549421807,5.16516870104902,4.31757704862571,4.42699999999999,0.83,9.11070545309449,0.827,6.58304970002007,0.893,11.2421108160255,0.907,9.22638673075991,0.93,12.7429417476952,0.936,11.3136171942949,"sigmoid",15,200
"sebart",4.91079871602468,5.41509363911411,4.45480889831762,4.47099999999999,0.818,9.18840314536216,0.846,6.71336990734531,0.892,11.1771541902534,0.914,9.34099559141917,0.928,12.6503757612826,0.941,11.2635755424168,"sigmoid",16,200
"sebart",5.34589440346159,5.33983506135394,4.26366640115656,4.46000000000001,0.898,11.4246099492575,0.848,8.36902875866705,0.951,13.4610002498103,0.943,11.472029851788,0.974,14.7824318178995,0.975,13.5142781393848,"sigmoid",17,200
"sebart",4.52381247633599,5.1008624751018,4.29285026182953,4.45400000000001,0.851,9.00548387869562,0.891,6.47842702363941,0.915,11.0896823742138,0.936,9.09088608942125,0.953,12.693409921794,0.966,11.1581884387445,"sigmoid",18,200
"sebart",5.84739862136293,6.00737578752604,4.77817831519623,4.337,0.821,10.4901760886398,0.8,7.7537297999031,0.887,12.4809364183094,0.894,10.5617764761079,0.933,13.8480537455173,0.923,12.5311546330053,"sigmoid",19,200
"sebart",5.10167580691105,5.07034625730146,3.91327718204184,4.334,0.884,11.3383412661453,0.905,8.29857307904591,0.937,13.3353126022339,0.946,11.389152423962,0.964,14.6103927359941,0.973,13.3812209456107,"sigmoid",20,200
"sebart",5.15647458735959,5.37113503800369,4.26482937608326,4.42700000000001,0.907,10.8303261175816,0.863,7.95786005973772,0.956,12.9589123933427,0.956,10.8880288698392,0.974,14.420487770182,0.979,13.0079001903393,"sigmoid",21,200
"sebart",5.30774029941991,5.61040673565609,4.6406533292717,4.47399999999999,0.868,11.4431125337187,0.847,8.29418748432808,0.928,13.4999979012365,0.927,11.4963443738858,0.956,14.8040756578439,0.958,13.54739430274,"sigmoid",22,200
"sebart",4.94044895044685,5.30838676657611,4.30820984286662,4.476,0.885,9.50268475632346,0.847,6.59427946530636,0.96,11.704389380654,0.927,9.55411510409355,0.988,13.4249957614026,0.97,11.7604539710029,"sigmoid",23,200
"sebart",4.98764920650407,5.25695541518865,4.31232882304546,4.58499999999999,0.857,9.97013936425384,0.876,7.26258654829685,0.909,12.0114561784691,0.932,10.0577629568327,0.953,13.4454668458277,0.955,12.0624700538296,"sigmoid",24,200
"sebart",4.4510150704727,4.98238350143579,4.2236850521252,4.60899999999999,0.864,9.03861107009459,0.886,6.37984419453939,0.922,11.1151060261271,0.939,9.13976277505541,0.959,12.6816759453023,0.962,11.1840566517245,"sigmoid",25,200
"sebart",4.83497497082854,5.49791227208988,4.31712489894555,4.55300000000001,0.865,9.3586344400674,0.829,6.49263027370432,0.936,11.4605484762384,0.93,9.41288768486635,0.96,12.8964670042107,0.965,11.5122339961327,"sigmoid",26,200
"sebart",5.2171877654762,5.18923743149659,4.12761562263708,4.46700000000001,0.879,10.8102861008876,0.874,7.91401579856132,0.936,12.802126164847,0.942,10.8724574730054,0.967,14.1380849533951,0.962,12.850367820412,"sigmoid",27,200
"sebart",4.6659022200264,4.83612664592934,3.93395065965448,4.755,0.922,9.87180708362279,0.868,6.84374905533818,0.97,12.1298324622699,0.965,9.91310067813298,0.982,13.6821907022792,0.988,12.1832787071732,"sigmoid",28,200
"sebart",5.11122350092255,5.52971149867094,4.34515599553108,4.53299999999999,0.863,9.58619173656735,0.84,6.80961330216196,0.927,11.7058001733101,0.913,9.63218418235272,0.962,13.281524553847,0.956,11.7512492687865,"sigmoid",29,200
"sebart",5.31316417200595,5.81191155866156,4.55088009545531,4.40699999999998,0.865,11.1809421470096,0.86,7.84536477443734,0.924,13.4225579855493,0.933,11.2243457127682,0.953,14.8998247467883,0.965,13.4728560475192,"sigmoid",30,200
"sebart",4.94313941129763,5.80342926435874,4.92127653057936,4.46099999999998,0.824,9.44062103112836,0.865,6.95952420734107,0.889,11.5356017678227,0.928,9.56784994253585,0.94,13.1118417307397,0.952,11.6055052785911,"sigmoid",31,200
"sebart",5.37285881600817,5.6874807431665,4.57394658079416,4.493,0.901,11.3922491100536,0.85,8.16069757741454,0.958,13.421498250799,0.938,11.4270896477131,0.974,14.7785206810328,0.976,13.4639738130158,"sigmoid",32,200
"sebart",4.51161770847049,5.69646166498569,4.57940128501544,4.38300000000001,0.845,7.84685695311138,0.838,5.38770563966321,0.918,9.85427906493526,0.919,7.90835699401595,0.955,11.4122393664038,0.958,9.90820261073725,"sigmoid",33,200
"sebart",5.07231877613428,5.56335385545098,4.34358597677076,4.577,0.843,9.97963332557529,0.832,7.04849590527493,0.911,12.1989367981235,0.922,10.0564210451354,0.948,13.7675788031095,0.955,12.2637527212316,"sigmoid",34,200
"sebart",4.762697501327,5.42575218786628,4.33976054512193,4.459,0.873,10.2510498969758,0.852,7.17528964731426,0.926,12.5574673763657,0.934,10.3089770072502,0.952,14.1373482312944,0.958,12.6068304625756,"sigmoid",35,200
"sebart",4.90484189418984,5.6845034721078,4.60262709379509,4.487,0.868,10.1510300632318,0.869,7.28009476657501,0.926,12.1846120456506,0.943,10.222128831578,0.96,13.5661582717884,0.963,12.231687605075,"sigmoid",36,200
"sebart",4.86758451555743,5.80463960492962,4.38261453834153,4.43799999999999,0.857,8.67530141371431,0.851,6.12832703863224,0.927,10.6622554495204,0.931,8.7267436643842,0.962,12.18862564547,0.968,10.7165608751958,"sigmoid",37,200
"sebart",4.88185567812849,5.33258070146058,4.26052056397388,4.42099999999999,0.862,8.78989109645042,0.817,6.12457039591292,0.929,10.820806757257,0.907,8.85176627067269,0.957,12.3578767845762,0.954,10.875218916386,"sigmoid",38,200
"sebart",5.09928591446044,5.48483836050838,4.49759376278974,4.428,0.867,10.256103870854,0.872,7.31212859757044,0.938,12.3601412231557,0.935,10.3097897379152,0.975,13.8770615335245,0.966,12.406309539387,"sigmoid",39,200
"sebart",4.90851743012482,5.57276232514767,4.57760271061565,4.42399999999998,0.859,9.84632572369304,0.845,7.02595460261705,0.92,12.0570766494503,0.928,9.91563706996833,0.95,13.653102247477,0.964,12.1204679126356,"sigmoid",40,200
"sebart",4.49550247106194,5.59777853349361,4.52459810639918,4.46000000000001,0.836,8.42541522326675,0.849,5.82657462030132,0.917,10.4720736262228,0.932,8.48432621872444,0.946,12.0025410869216,0.968,10.524979844544,"sigmoid",41,200
"sebart",5.66109306500641,5.91627071573298,4.42068858019651,4.47799999999998,0.813,10.200776529067,0.824,7.38428415941591,0.891,12.2952102840346,0.903,10.2971947382255,0.933,13.7717411768535,0.941,12.3601950187262,"sigmoid",42,200
"sebart",5.35706188861594,5.3083861092,4.39382116456619,4.74199999999999,0.885,11.8663824167073,0.897,8.66421271707297,0.941,13.7947867780664,0.941,11.907457838619,0.976,15.0359863161481,0.966,13.8370930434504,"sigmoid",43,200
"sebart",4.48485419976275,5.04981781310469,4.37818675026149,4.86500000000001,0.815,7.94759821876212,0.837,5.53410827171139,0.903,9.94720699746151,0.909,8.06277190805735,0.943,11.532952186519,0.944,10.0186273993589,"sigmoid",44,200
"sebart",4.7970058004887,5.499045858044,4.35091874508806,4.72499999999999,0.874,8.8386320918175,0.834,6.12425797067542,0.939,11.0116991815276,0.929,8.8987518746398,0.97,12.6567631655574,0.959,11.0784867922027,"sigmoid",45,200
"sebart",5.47545729606248,5.68809819458212,4.21195852793561,4.52199999999999,0.835,10.4085133871606,0.845,7.26350214593247,0.91,12.8611361004987,0.919,10.4923751631616,0.953,14.5551720038235,0.96,12.9219771209144,"sigmoid",46,200
"sebart",4.85932243995044,5.4808969122752,4.32469790058365,4.411,0.871,9.20424219085803,0.822,6.39538350228813,0.938,11.4749223032777,0.912,9.24851516414534,0.965,13.1031975509042,0.961,11.5220067563715,"sigmoid",47,200
"sebart",5.14923352566523,5.90073463072775,4.88348333394118,4.43600000000001,0.815,9.65059104289102,0.832,6.83402312358138,0.9,11.8592420526054,0.916,9.7281885623322,0.94,13.4948716692057,0.95,11.9251974063669,"sigmoid",48,200
"sebart",4.73331114474725,4.8961908244246,3.83905156984893,4.39099999999999,0.859,9.10956740658054,0.842,6.44676900811596,0.935,11.247848349041,0.93,9.19973133376293,0.962,12.8539997548315,0.965,11.3066461175073,"sigmoid",49,200
"sebart",5.51147931054925,6.08081119918159,4.26222146184934,4.40199999999999,0.878,9.52819799288983,0.815,6.75279958216859,0.94,11.4424487681298,0.914,9.56159028894545,0.968,12.8431685905263,0.958,11.4923497567221,"sigmoid",50,200
"sebart",4.71521411631174,5.59310143221479,4.40234777813504,4.41199999999998,0.868,9.43454694257103,0.865,6.65823040366788,0.914,11.4862331802396,0.931,9.5006009987205,0.944,13.0747465628995,0.946,11.5468147225024,"sigmoid",51,200
"sebart",5.02746982261612,5.28335922767852,4.01481066214162,4.64499999999998,0.911,11.3238038765693,0.893,8.02306241411823,0.955,13.5282124430826,0.961,11.3682153710552,0.973,14.9942022535101,0.98,13.5818089106522,"sigmoid",52,200
"sebart",4.76958264885045,5.33221779603235,4.32671100406149,4.50200000000001,0.843,9.59558623356154,0.853,6.74957300307436,0.925,11.7077837973825,0.936,9.6740468884179,0.959,13.197193250193,0.965,11.769647539837,"sigmoid",53,200
"sebart",4.94045027066498,5.37781894321775,4.16483829246411,4.44999999999999,0.873,10.0554772740227,0.859,7.18435282682753,0.927,12.0277929323354,0.937,10.1240649694771,0.956,13.4323928099749,0.958,12.0815075923653,"sigmoid",54,200
"sebart",5.36762885962498,5.504879045855,4.45779863598419,4.42399999999998,0.896,11.1768787493207,0.851,8.04499674304624,0.95,13.2901511701677,0.942,11.2240177852388,0.987,14.7721314782284,0.971,13.3414831626301,"sigmoid",55,200
"sebart",5.79849449308601,6.06053832859714,4.52835503061149,4.52100000000002,0.845,10.7499955718455,0.827,7.65666146417942,0.913,12.8895713373051,0.927,10.8140313904886,0.955,14.4124592510028,0.965,12.9452845779938,"sigmoid",56,200
"sebart",5.32649864427047,5.64425714311919,4.33336086979467,4.46600000000001,0.85,10.5470319364529,0.865,7.70184827104763,0.915,12.6689919054734,0.928,10.6384000260646,0.943,14.1023554660186,0.961,12.7344541632162,"sigmoid",57,200
"sebart",4.55224418362529,5.21754861340349,4.37300017621841,4.44600000000003,0.891,9.33689668395654,0.895,6.67795420364336,0.956,11.336176637587,0.944,9.38704547204473,0.979,12.8298856303878,0.982,11.3916070682805,"sigmoid",58,200
"sebart",5.29220428887701,5.64074547238722,4.20263867985343,4.45300000000003,0.863,9.94590317953062,0.845,7.1257209805213,0.929,12.0626963963148,0.931,9.99599326258169,0.963,13.5349872704179,0.959,12.117849984284,"sigmoid",59,200
"sebart",4.5186054151231,5.11251307855611,4.00373273504935,4.46600000000001,0.87,9.2297858778467,0.892,6.61121911432652,0.932,11.4017093716695,0.949,9.3264035577804,0.964,13.0689711368864,0.972,11.4631046126004,"sigmoid",60,200
"sebart",6.40646935712849,6.41413328478328,4.37362594386462,4.459,0.877,11.1476873189952,0.832,7.9861316706315,0.94,13.175962353794,0.934,11.1922401618553,0.963,14.4366253339281,0.964,13.2205210113918,"sigmoid",61,200
"sebart",4.65327960071597,5.21267315534966,4.3170233270325,4.48699999999997,0.839,8.5927104748085,0.84,6.24456782864908,0.928,10.4467893774108,0.92,8.68755553744121,0.968,11.8700814517123,0.958,10.5060308805748,"sigmoid",62,200
"sebart",4.75757881292308,4.79980738599742,4.1670965902835,4.45599999999996,0.831,9.00815002723597,0.847,6.3869469305085,0.905,11.055236219073,0.92,9.0805811693835,0.929,12.6113657325751,0.946,11.1243540477016,"sigmoid",63,200
"sebart",5.5552929212931,5.65059374284528,4.33671779891588,4.46600000000001,0.863,11.2867141174793,0.872,8.34261432756984,0.919,13.2671411582206,0.939,11.3328486116345,0.953,14.6738067865256,0.963,13.3111678491165,"sigmoid",64,200
"sebart",4.70275873841941,4.92321947370894,4.26551628740823,4.53399999999999,0.821,8.34047918227952,0.821,6.02338690250978,0.904,10.3340389311651,0.887,8.42366389150878,0.938,11.8332253697495,0.942,10.3878907336091,"sigmoid",65,200
"sebart",5.17300570217042,5.74868339565591,4.60763296937132,4.60000000000002,0.849,9.62017658327306,0.832,6.96487162494132,0.915,11.6291251734463,0.924,9.72724052076057,0.953,13.1933735570147,0.957,11.6872455065776,"sigmoid",66,200
"sebart",4.82913382352519,5.4343309360497,4.50702917911584,4.42400000000004,0.86,9.15663280073406,0.855,6.52500476023044,0.923,11.1381367415658,0.925,9.21851454662796,0.964,12.6179858210207,0.958,11.1927819691007,"sigmoid",67,200
"sebart",4.68289351234891,5.06783152525159,3.95942817438057,4.49799999999999,0.811,9.20773318922393,0.855,6.61227714871293,0.902,11.325409776746,0.92,9.33270853445141,0.943,12.8964183082732,0.956,11.3992813097425,"sigmoid",68,200
"sebart",4.73690300410342,5.30949378288808,4.20661966411302,4.45400000000001,0.822,9.11205721313695,0.841,6.44102671006431,0.898,11.3104634114166,0.915,9.21460245406072,0.928,12.8916855076515,0.944,11.3813796714831,"sigmoid",69,200
"sebart",4.49623052455656,4.9343598355749,3.95061344050972,4.44100000000003,0.864,8.6672734766658,0.859,6.2743995693778,0.926,10.6587077065436,0.926,8.74078781343338,0.962,12.1285856803639,0.961,10.7096796387724,"sigmoid",70,200
"sebart",4.556217769636,5.05394461848446,4.3899552137143,4.553,0.841,7.95253571876584,0.859,5.59363160682699,0.924,10.027311551151,0.929,8.0456974596882,0.962,11.661742861011,0.954,10.087742045805,"sigmoid",71,200
"sebart",4.62987586663105,5.23544825579698,4.35541089514191,4.47399999999999,0.867,8.40626901549008,0.863,5.83332697237866,0.932,10.4888191202724,0.928,8.47084154075206,0.969,12.1339682721048,0.964,10.5491148929659,"sigmoid",72,200
"sebart",4.5682567756342,4.81082843628571,4.06570794166366,4.459,0.817,8.15037253609123,0.84,5.71473995898878,0.892,10.281259862229,0.909,8.28144897724026,0.935,11.976836395319,0.938,10.3579250686806,"sigmoid",73,200
"sebart",5.15301781236955,5.51506787591743,4.43602225446526,4.507,0.866,10.3601944946867,0.825,7.30542156523158,0.939,12.5617299091651,0.933,10.4308788103381,0.965,14.1064289743228,0.96,12.6116792795025,"sigmoid",74,200
"sebart",4.66261998909628,5.12989151068463,4.0688089634172,4.536,0.832,9.04253417229109,0.87,6.35177828505755,0.909,11.2726142454928,0.937,9.13523827965114,0.957,12.946126293958,0.962,11.341142126646,"sigmoid",75,200
"sebart",4.90643127677128,4.97224043945036,3.82522576344124,4.68099999999998,0.915,9.75551605857408,0.868,6.89570966762767,0.967,11.8059609660296,0.965,9.81049386902644,0.986,13.3746705315564,0.984,11.8587478719912,"sigmoid",76,200
"sebart",5.09826408133986,5.32072591118253,4.24016946294567,4.738,0.935,11.5719705968193,0.9,8.3069790789193,0.967,13.6871759744276,0.977,11.6149828073232,0.977,15.0590238215161,0.985,13.7396585187223,"sigmoid",77,200
"sebart",5.38843428965979,5.58328582569072,4.16975292534318,4.65100000000001,0.862,9.8159692430944,0.813,7.07692841066781,0.939,11.8253102662762,0.91,9.88046456230336,0.973,13.3637314217426,0.966,11.8791253076192,"sigmoid",78,200
"sebart",5.18995978156648,5.60248632644204,4.3480942443173,4.79900000000004,0.848,10.0176027260026,0.846,7.20781935009082,0.928,12.1408906967117,0.924,10.1165090446591,0.959,13.6038107255016,0.961,12.1896271515722,"sigmoid",79,200
"sebart",4.96022825232911,5.13522759184828,4.29362894611317,4.61099999999999,0.847,9.84179517441017,0.856,7.11197524633436,0.912,11.8730343842752,0.929,9.9304538458386,0.941,13.2890228872994,0.948,11.9304258899584,"sigmoid",80,200
"sebart",4.85725218190331,5.14250368924134,3.99824964251086,4.50099999999998,0.861,9.32426583013465,0.847,6.46589487805959,0.934,11.5804697407775,0.923,9.39025817428245,0.967,13.1918748668663,0.968,11.6424709925229,"sigmoid",81,200
"sebart",5.63706225447963,5.75803451588018,4.4282469420609,4.50200000000001,0.878,11.9070824247502,0.823,8.46718904576645,0.945,13.9607786746224,0.928,11.9503025595286,0.968,15.2883743492717,0.974,14.0093132121688,"sigmoid",82,200
"sebart",5.11969210002832,5.57849404880047,4.62680863087941,4.56399999999996,0.869,10.8919910978109,0.873,7.83738907076891,0.92,12.9456904594442,0.945,10.9640201821556,0.949,14.346909493305,0.961,13.003603791451,"sigmoid",83,200
"sebart",4.95771373623384,5.24195343548174,4.32050161751338,4.51400000000001,0.878,10.5652557043456,0.872,7.49591741009215,0.946,12.7220563644786,0.952,10.6325746368292,0.977,14.2104141097348,0.981,12.7742210504919,"sigmoid",84,200
"sebart",4.61286311428038,5.47968599765903,4.4686691498643,4.495,0.876,9.42135103866734,0.878,6.51277825630597,0.952,11.6911504292154,0.952,9.48072934709045,0.977,13.4738785084248,0.98,11.757248524495,"sigmoid",85,200
"sebart",6.09454012639454,5.7743180073331,4.17580050057414,4.52500000000003,0.876,12.3822024377925,0.82,9.00230226411767,0.94,14.3145153926562,0.925,12.4344952610744,0.966,15.5583220577897,0.96,14.3616176576768,"sigmoid",86,200
"sebart",4.71887218823646,5.22316266041809,4.34037258545034,4.51399999999995,0.866,9.14809530772603,0.859,6.71064200330303,0.934,11.2234301810288,0.927,9.23565987271419,0.959,12.7594617693502,0.956,11.2776729055172,"sigmoid",87,200
"sebart",5.35786172520171,5.84663340796065,4.4572156454289,4.495,0.899,10.8214752319398,0.867,7.76480959500107,0.955,13.0098421116332,0.947,10.8686799744625,0.982,14.5495209863895,0.971,13.0612519166289,"sigmoid",88,200
"sebart",5.1677957928482,5.41531626071511,4.1255734514176,4.42400000000004,0.829,9.59454409542394,0.829,6.94517714922591,0.902,11.6450514628339,0.903,9.69733800761973,0.943,13.1645579765858,0.942,11.7086282890518,"sigmoid",89,200
"sebart",4.91441226174025,5.50500574656056,4.37576749822935,4.464,0.854,9.35329491224285,0.871,6.7425407910682,0.916,11.4824866802369,0.927,9.43162371514189,0.953,13.0406123891553,0.958,11.5333279491303,"sigmoid",90,200
"sebart",4.76431742402793,5.01403143684717,4.05261245092207,4.541,0.857,8.91351698231646,0.836,6.26461787977016,0.922,10.9157177996164,0.924,8.9974646301024,0.948,12.4523693475019,0.955,10.9645337571794,"sigmoid",91,200
"sebart",4.71337763184713,5.00905715969972,4.23106297340749,4.55000000000001,0.901,10.0011033400723,0.875,7.20416148436658,0.95,12.0444040377606,0.957,10.0486162170245,0.969,13.4673554388081,0.981,12.0925361380587,"sigmoid",92,200
"sebart",4.62826096370323,5.44513203350734,4.34723424464934,4.47500000000002,0.854,8.54297642538223,0.846,6.10091520828186,0.927,10.5929019781839,0.937,8.63127620440885,0.964,12.1067506333401,0.963,10.6523036959807,"sigmoid",93,200
"sebart",5.16387421088064,5.49020188091173,4.31778212042633,4.51899999999995,0.892,10.3519282002391,0.857,7.33218174417256,0.944,12.5081244408221,0.946,10.4001122552582,0.974,14.0408796825379,0.97,12.5532639865686,"sigmoid",94,200
"sebart",5.68086410703775,5.74156215190848,4.29739422357145,4.50799999999998,0.883,10.7398328340566,0.859,7.73668561971931,0.942,12.7944716417853,0.941,10.7937930623619,0.969,14.18307856785,0.969,12.8367951846287,"sigmoid",95,200
"sebart",5.18022329489971,5.06842590813755,4.09095644040109,4.53000000000003,0.814,9.16243629219788,0.807,6.35411415105395,0.889,11.6137502314922,0.892,9.24333583295478,0.932,13.3475319741179,0.937,11.6668845475078,"sigmoid",96,200
"sebart",4.57942205726772,5.13736431490693,4.06555050447045,4.49399999999997,0.818,7.3296365964962,0.842,5.18712815707578,0.901,9.21873627068877,0.912,7.42933308589452,0.942,10.712032263769,0.94,9.28384431136324,"sigmoid",97,200
"sebart",4.71784182219391,4.90847469687105,3.99274516757632,4.55699999999996,0.847,9.13121588316879,0.829,6.30063993048533,0.917,11.3351982125756,0.904,9.19030828162562,0.959,12.9202997304849,0.946,11.3888833032822,"sigmoid",98,200
"sebart",4.29857345528935,5.36630366621353,4.46789235586352,4.50599999999997,0.873,8.29377265296082,0.887,5.78299778106885,0.944,10.2824460858038,0.954,8.36834099504052,0.979,11.7877259568198,0.977,10.3477848917382,"sigmoid",99,200
"sebart",6.2617433442369,6.25786732889743,4.61775495329285,4.48000000000002,0.817,10.7058615131599,0.763,7.72086288710697,0.893,12.8714050669765,0.872,10.7644330590604,0.935,14.4013081725833,0.932,12.9309992038989,"sigmoid",100,200
"sebart",0.0986764653326499,0.18703886067826,0.136311661575197,4.43200000000002,0.88,0.186661769161662,0.836,0.128957137655058,0.935,0.245368202410396,0.944,0.189312410229848,0.952,0.296828483561348,0.973,0.247675094854444,"beta",1,200
"sebart",0.119374636606813,0.200586573892892,0.126743202438387,4.40599999999995,0.847,0.199125451787864,0.786,0.140694429780946,0.934,0.265913330365892,0.9,0.206314460903541,0.96,0.32993051232889,0.954,0.269711058996834,"beta",2,200
"sebart",0.125741333126896,0.188639117154983,0.130733315291427,4.52499999999998,0.846,0.231729374664408,0.806,0.15647483275186,0.923,0.3121077056088,0.919,0.236767190709317,0.965,0.388142459090682,0.969,0.315780493186165,"beta",3,200
"sebart",0.117209234057384,0.184468444691951,0.124933176937086,4.41700000000003,0.861,0.182080310896372,0.839,0.133309161808437,0.931,0.23835601373551,0.924,0.188479014854228,0.962,0.29061512918078,0.959,0.241923067803925,"beta",4,200
"sebart",0.116747936076883,0.178992056899334,0.126287894065678,4.53199999999993,0.818,0.200696365805005,0.806,0.129055941798641,0.884,0.279097784229925,0.899,0.20417956025559,0.924,0.354347327860356,0.936,0.282375125126422,"beta",5,200
"sebart",0.136870627048812,0.209181128181704,0.133424319442397,4.50699999999995,0.873,0.266501631144577,0.878,0.178180919836007,0.945,0.352537279422795,0.96,0.269553435434572,0.966,0.431101487378135,0.992,0.355362411962149,"beta",6,200
"sebart",0.114776367236747,0.174177837322727,0.118982131034929,4.577,0.846,0.226425223053596,0.804,0.147289992919984,0.914,0.306524249674624,0.904,0.228622878382628,0.942,0.38210895405553,0.954,0.309087844156534,"beta",7,200
"sebart",0.115350470427203,0.174668543143108,0.123861142736395,4.56799999999998,0.834,0.17894787046918,0.757,0.123663430067557,0.909,0.241064973834586,0.868,0.183732105402955,0.949,0.300410507668855,0.925,0.243563830057998,"beta",8,200
"sebart",0.109694756965514,0.191747431761822,0.127861709626113,4.46900000000005,0.875,0.210139191741176,0.803,0.136627402335802,0.945,0.287145902131079,0.922,0.212725677462189,0.97,0.357049545337113,0.967,0.28970694534324,"beta",9,200
"sebart",0.113347264524203,0.191866488473515,0.139474989657734,4.47500000000002,0.853,0.213543298031811,0.85,0.14491745616704,0.91,0.282165640096292,0.939,0.218214915927076,0.937,0.349228466305078,0.974,0.28507616567472,"beta",10,200
"sebart",0.141032718258312,0.180624724147019,0.128403343214696,4.53300000000002,0.811,0.251828374812026,0.8,0.167214004189458,0.874,0.336832421980584,0.913,0.254451699126884,0.91,0.414351627782723,0.955,0.339664935000507,"beta",11,200
"sebart",0.121546985345288,0.160497846447064,0.122543313390239,4.46799999999996,0.84,0.16250526276815,0.792,0.112153381677169,0.925,0.22231186558961,0.903,0.167037141799531,0.956,0.281691799408956,0.966,0.225001849203443,"beta",12,200
"sebart",0.100377528101155,0.172945907032698,0.119842052775481,4.45699999999999,0.826,0.164496494399048,0.806,0.113276413066541,0.901,0.224140603771868,0.905,0.168564772264071,0.931,0.279458649347284,0.964,0.226819981440853,"beta",13,200
"sebart",0.105245195293335,0.189683867885217,0.124286381916887,4.44600000000003,0.863,0.206734806943278,0.886,0.134281760524161,0.94,0.281115240976544,0.953,0.208679809499297,0.971,0.352185679626546,0.991,0.283207339427263,"beta",14,200
"sebart",0.119179661596345,0.179645882574398,0.131792472674262,4.57500000000005,0.811,0.206974929944441,0.765,0.145102595865694,0.903,0.278053307779076,0.891,0.213967079900876,0.943,0.345849060491174,0.943,0.281485972757024,"beta",15,200
"sebart",0.126542901529945,0.214256851113152,0.138156646136756,4.47699999999998,0.856,0.228096991254472,0.796,0.16137116300465,0.942,0.301271766296419,0.911,0.23452125963382,0.973,0.366432854200743,0.965,0.304582049142188,"beta",16,200
"sebart",0.137243485658746,0.178700790492661,0.132415313098408,4.47500000000002,0.751,0.220787724402467,0.705,0.145624252089981,0.816,0.290944840527655,0.832,0.223841879751878,0.852,0.363515063082358,0.887,0.293464218980924,"beta",17,200
"sebart",0.129439968507137,0.158108111608573,0.125291181272156,4.63,0.8,0.1796991777919,0.753,0.119162128971517,0.883,0.240950701705498,0.879,0.181589629905484,0.907,0.297451275171876,0.951,0.242770880879696,"beta",18,200
"sebart",0.0974844623535243,0.173208698226235,0.125830775456973,4.53399999999999,0.778,0.170561814091409,0.75,0.119999768775056,0.858,0.223874025862549,0.852,0.17342436223249,0.893,0.274506681878116,0.92,0.226075658505549,"beta",19,200
"sebart",0.102104798163068,0.163291830264597,0.11546026771516,4.56700000000001,0.834,0.189007492550531,0.759,0.12623656460312,0.901,0.256547331014277,0.883,0.193029540066661,0.946,0.32163011087404,0.944,0.25871526128108,"beta",20,200
"sebart",0.108258606048354,0.189014331782912,0.132250891587468,4.69999999999993,0.845,0.224850596048102,0.791,0.159527946106059,0.937,0.300947856893928,0.891,0.232158665597233,0.967,0.369103442280146,0.952,0.304138844166301,"beta",21,200
"sebart",0.130415736201172,0.192718021251125,0.126906853289196,4.55900000000008,0.864,0.236787042813012,0.851,0.165377232189499,0.931,0.315467021904219,0.951,0.244137208336584,0.963,0.38641279623768,0.973,0.319787483703076,"beta",22,200
"sebart",0.10963156389481,0.193527326725941,0.133315836939016,4.56100000000004,0.829,0.219387003961744,0.788,0.142961320588087,0.898,0.300977884482954,0.882,0.223273942975141,0.942,0.379189178151028,0.93,0.303903194892691,"beta",23,200
"sebart",0.132659009616741,0.178409412658991,0.132204058113777,4.49400000000003,0.851,0.189985269435873,0.805,0.126108128928689,0.9,0.260165942501599,0.906,0.19324459808184,0.933,0.326155808151428,0.944,0.262522884657072,"beta",24,200
"sebart",0.12827850581769,0.202309326399561,0.120881953039355,4.53999999999996,0.902,0.233017264978969,0.882,0.15790914198316,0.951,0.315585912017676,0.954,0.237737138563941,0.975,0.393115603325783,0.976,0.318608066038642,"beta",25,200
"sebart",0.144548018310778,0.174515048326398,0.135699475108172,4.54100000000005,0.746,0.153652160119379,0.723,0.105547720408349,0.823,0.206959798368158,0.83,0.158289560921196,0.877,0.258405965189744,0.896,0.20986866539132,"beta",26,200
"sebart",0.125197623448207,0.179312678278304,0.125853959753593,4.51599999999996,0.883,0.282959472119044,0.862,0.174552509819175,0.914,0.393573718750389,0.955,0.285405320348249,0.927,0.49452889685592,0.977,0.397333592221365,"beta",27,200
"sebart",0.111824843372869,0.179780656472016,0.137272452722151,4.601,0.823,0.187394817118537,0.8,0.123844034155915,0.892,0.250369749906085,0.917,0.189920976070759,0.933,0.313463907200166,0.951,0.252554050924063,"beta",28,200
"sebart",0.114360800279105,0.177441374839686,0.120242808269049,4.63699999999994,0.888,0.241926192672746,0.838,0.158093037472097,0.941,0.328398135722323,0.941,0.245302260069442,0.971,0.40998440567619,0.973,0.331353626458333,"beta",29,200
"sebart",0.0914596777164174,0.167825077347119,0.113043482929694,4.48599999999999,0.822,0.164700745924849,0.797,0.113041626879013,0.927,0.225172125524698,0.891,0.167493896353836,0.958,0.282121352899641,0.955,0.22740157370682,"beta",30,200
"sebart",0.101776739467823,0.178037203108041,0.125385655425558,4.51099999999997,0.851,0.182693601692703,0.773,0.127565298550138,0.921,0.245770857015552,0.92,0.188567915494837,0.962,0.306700706931777,0.966,0.248461719760761,"beta",31,200
"sebart",0.103100587943327,0.188298264767596,0.13046739725997,4.529,0.859,0.184668013968296,0.789,0.129114340419364,0.918,0.246854340604027,0.896,0.189561753823814,0.942,0.304632104583697,0.938,0.249444827619097,"beta",32,200
"sebart",0.104658252703731,0.16927125496706,0.112527871845345,4.53599999999994,0.871,0.200139748494019,0.836,0.137000142593249,0.938,0.27432279612003,0.946,0.204518182823012,0.97,0.34148572247455,0.98,0.276928352619399,"beta",33,200
"sebart",0.116071226532116,0.197094145034483,0.128016687638161,4.50999999999999,0.833,0.232555158356179,0.84,0.158804200145823,0.914,0.310919184805135,0.94,0.236423016694381,0.952,0.38455987886353,0.978,0.313683489317408,"beta",34,200
"sebart",0.104777600489756,0.177767095746831,0.128439345584319,4.49599999999998,0.846,0.191217211351388,0.817,0.133795060710744,0.914,0.2559611393887,0.909,0.196087705513489,0.942,0.317908999505253,0.959,0.258852928742952,"beta",35,200
"sebart",0.114486561679648,0.17707163004996,0.124310082884877,4.45699999999999,0.825,0.231490054550377,0.776,0.15583847224786,0.901,0.310969132697135,0.884,0.235444820530741,0.929,0.385031681424785,0.939,0.3138698912202,"beta",36,200
"sebart",0.113996445090055,0.173916019562602,0.133440246623177,4.52199999999993,0.764,0.169321389181427,0.719,0.117227025067591,0.851,0.224126335569304,0.845,0.173099493802164,0.92,0.274118263772416,0.913,0.226526400162705,"beta",37,200
"sebart",0.0967799152906871,0.199281621028656,0.134519808669741,4.60400000000004,0.863,0.195270144152869,0.812,0.136034047275695,0.93,0.265709253548794,0.933,0.201443896773972,0.964,0.334050096625326,0.968,0.269236211099375,"beta",38,200
"sebart",0.0992126859026751,0.17258252424339,0.123817443844016,4.51999999999998,0.867,0.195842573539438,0.81,0.131805411944305,0.928,0.26738532802044,0.929,0.198763503423238,0.947,0.330075135188663,0.975,0.269711715682649,"beta",39,200
"sebart",0.119923249572607,0.179054870474094,0.129928212564993,4.51300000000003,0.804,0.204824700840016,0.803,0.137965201034943,0.899,0.266019975485556,0.9,0.20776474814187,0.942,0.324718894464904,0.96,0.268637210634165,"beta",40,200
"sebart",0.107424233712406,0.199145854660592,0.131520730488111,4.55799999999999,0.842,0.208184999370727,0.821,0.140388831564304,0.917,0.281311751443038,0.918,0.212777408654333,0.958,0.34911071089629,0.958,0.28458272556898,"beta",41,200
"sebart",0.157955997985602,0.215210191023657,0.126405347275396,4.54399999999998,0.86,0.235310319359624,0.769,0.163732579090006,0.93,0.313760336537864,0.878,0.241718028643635,0.976,0.383212254077447,0.937,0.316876777171941,"beta",42,200
"sebart",0.11220707944605,0.173933347145369,0.133757252191944,4.52099999999996,0.799,0.187453093659395,0.742,0.123980044595292,0.875,0.261219428227138,0.883,0.190623887801874,0.909,0.33494896973418,0.934,0.263851490116335,"beta",43,200
"sebart",0.120085256069589,0.196420742262995,0.132732093434157,4.53999999999996,0.83,0.258065393644407,0.823,0.171617228170467,0.906,0.350373622485098,0.912,0.262865305393958,0.947,0.435634372452761,0.959,0.353985270930804,"beta",44,200
"sebart",0.120136095329889,0.180083110569519,0.117251616282758,4.52199999999993,0.883,0.222334703953924,0.872,0.14679984431692,0.944,0.304048524234477,0.951,0.226900469308016,0.967,0.381191005593011,0.977,0.307026209504735,"beta",45,200
"sebart",0.0997936311521808,0.173633815791562,0.121976133787007,4.66800000000001,0.87,0.197099299672429,0.861,0.129602322894215,0.915,0.268012907459468,0.949,0.200175323000414,0.944,0.337641309949145,0.977,0.270317760132914,"beta",46,200
"sebart",0.0791255340003666,0.181567051785685,0.124408747732073,4.57299999999998,0.871,0.169407180094901,0.862,0.118160852609208,0.926,0.227434774943132,0.946,0.173472319199026,0.943,0.280791081156625,0.976,0.230200165898985,"beta",47,200
"sebart",0.163141243508686,0.215973600505661,0.123640552102182,5.00999999999999,0.848,0.266634780321395,0.782,0.184106530917949,0.937,0.353335454481037,0.906,0.272326132159619,0.978,0.435579880437251,0.956,0.3570821625564,"beta",48,200
"sebart",0.120103403547919,0.191886003946639,0.128632093187497,5.75099999999998,0.871,0.23860005680595,0.862,0.157759268751905,0.926,0.318210720300923,0.946,0.241719743220212,0.955,0.392104036169475,0.974,0.320942545298833,"beta",49,200
"sebart",0.114949032185708,0.167055196161424,0.124995784631338,4.62,0.841,0.236478550873471,0.786,0.151260037547373,0.896,0.31737591742402,0.909,0.238663510355385,0.933,0.398288794962508,0.956,0.319806557057557,"beta",50,200
"sebart",0.13005317939726,0.167629938125741,0.13391023517262,4.68900000000008,0.83,0.177853177812648,0.791,0.123422667468513,0.904,0.239021320191806,0.879,0.181348294635685,0.934,0.296096764472638,0.945,0.241168382548295,"beta",51,200
"sebart",0.140462948691089,0.214921421471041,0.131105540974622,4.80999999999995,0.86,0.241777874776971,0.804,0.163069795165316,0.935,0.324204048263825,0.923,0.246225976632386,0.978,0.403738425214977,0.967,0.327241735528882,"beta",52,200
"sebart",0.111529285575723,0.193657964043655,0.129656527691026,4.49900000000002,0.877,0.208485378391853,0.861,0.144087158937303,0.935,0.27700019978564,0.929,0.213411177526681,0.964,0.34216662519403,0.963,0.280091180632211,"beta",53,200
"sebart",0.108246990575931,0.156267277914802,0.113020207432481,4.697,0.828,0.210330619658566,0.778,0.138798035525806,0.903,0.28633986953077,0.892,0.213859742267487,0.95,0.358173470294727,0.951,0.288852978264202,"beta",54,200
"sebart",0.119464094546427,0.182041514230058,0.130736015647235,4.55399999999997,0.814,0.201813438911896,0.798,0.136647741517716,0.885,0.270010081928886,0.902,0.205206774946873,0.924,0.333372292808834,0.947,0.272452998520837,"beta",55,200
"sebart",0.0939551412485156,0.174969196493474,0.117402956752896,4.55600000000004,0.895,0.221267214794809,0.828,0.142831361897809,0.954,0.298604031013263,0.922,0.224922237070063,0.975,0.375811182996611,0.964,0.301437952626652,"beta",56,200
"sebart",0.118932951347826,0.157895291501129,0.118842713730022,4.48800000000006,0.816,0.178206001379023,0.827,0.118744863473717,0.873,0.241898662185731,0.917,0.181544861357913,0.912,0.304736791848701,0.95,0.244548508311481,"beta",57,200
"sebart",0.117466173607449,0.174947069598708,0.12869151622888,4.53499999999997,0.77,0.196316844251225,0.738,0.128593114464367,0.857,0.270578650324904,0.848,0.199549944396289,0.902,0.346261587091909,0.922,0.273446029923685,"beta",58,200
"sebart",0.132471746869479,0.186353798525974,0.11593781047813,4.75200000000007,0.838,0.235301254358785,0.754,0.149529957895335,0.902,0.326706990794407,0.879,0.238364031663135,0.94,0.409489489039088,0.932,0.329678705378962,"beta",59,200
"sebart",0.0919399586420669,0.178540351603575,0.128327510147694,4.51900000000001,0.863,0.19067233324036,0.787,0.127385045899987,0.92,0.263815839602973,0.914,0.193658218601112,0.949,0.337810490298083,0.947,0.26621915151168,"beta",60,200
"sebart",0.1103609872689,0.207246955757785,0.135493086263665,4.51700000000005,0.852,0.22061516086706,0.836,0.147696646628917,0.93,0.298258842828845,0.942,0.226439551766875,0.959,0.37459242350774,0.977,0.301734552448163,"beta",61,200
"sebart",0.113414533438606,0.17694302995908,0.114402602177335,4.53300000000002,0.863,0.196193582957691,0.809,0.138625631936084,0.935,0.263305074533853,0.902,0.201771352735357,0.961,0.327127218956461,0.953,0.266737784195451,"beta",62,200
"sebart",0.114147873790518,0.189497755916135,0.12721853502229,4.58699999999999,0.856,0.227768098942528,0.835,0.151217813930662,0.914,0.306882803645082,0.926,0.231517182707804,0.944,0.380450614861175,0.965,0.309677993988394,"beta",63,200
"sebart",0.0993136539942348,0.186965398921935,0.132984813314118,4.58199999999999,0.801,0.164700342333871,0.703,0.111269055229865,0.898,0.222512911113666,0.856,0.168552648141023,0.947,0.28212578827102,0.931,0.225138377067911,"beta",64,200
"sebart",0.0939202325926949,0.188474119549342,0.127461551877966,4.53200000000004,0.846,0.191548228061445,0.815,0.125358342279615,0.913,0.263981940032718,0.926,0.194215305658765,0.941,0.33407849088675,0.971,0.266294010431392,"beta",65,200
"sebart",0.119169256284323,0.179831474176061,0.127175113577881,4.524,0.824,0.193516894859069,0.804,0.128933775179951,0.899,0.262011377257664,0.919,0.196540771836629,0.943,0.329964573718333,0.969,0.26443819508575,"beta",66,200
"sebart",0.0907148872568536,0.168915172709746,0.117116915814461,4.58499999999992,0.846,0.175797427177838,0.783,0.11556770300588,0.927,0.241687400736375,0.898,0.179601185091954,0.957,0.307026438514461,0.952,0.244415312488224,"beta",67,200
"sebart",0.102936173725578,0.17939066469389,0.118328542813699,4.71699999999998,0.869,0.217731515435642,0.863,0.136883410041627,0.916,0.300717817884992,0.959,0.219905182322643,0.944,0.381402227854192,0.978,0.302916643663034,"beta",68,200
"sebart",0.130025295174252,0.21835882370213,0.141799902290789,4.49299999999994,0.835,0.228812513806595,0.767,0.154490199626115,0.927,0.304358648441582,0.902,0.232007512884724,0.956,0.373737773163495,0.955,0.306804591143699,"beta",69,200
"sebart",0.124500598320219,0.199287647571261,0.126568512116407,4.65000000000009,0.897,0.244391560525997,0.852,0.159838446016994,0.954,0.331615297704994,0.95,0.2481471536191,0.972,0.414272037718878,0.976,0.334628488417647,"beta",70,200
"sebart",0.113184956788699,0.19239210922277,0.132164445598989,4.56100000000004,0.849,0.204146538239148,0.764,0.142099595815858,0.924,0.273435085982535,0.885,0.209096445801382,0.957,0.341100541831322,0.94,0.276733496020089,"beta",71,200
"sebart",0.108158321274061,0.186254378537069,0.134217397274422,4.73000000000002,0.823,0.206163405234641,0.79,0.143186322174368,0.915,0.274920249905539,0.908,0.211326165846628,0.951,0.340064794562503,0.96,0.278243851734407,"beta",72,200
"sebart",0.116469152092164,0.180119533760722,0.132248250015582,4.56499999999994,0.853,0.183150647131358,0.811,0.120487174099095,0.914,0.24315777591477,0.916,0.186372309512789,0.948,0.297991119228928,0.963,0.245316000460263,"beta",73,200
"sebart",0.109987747375038,0.173185297790468,0.129253351879007,4.57500000000005,0.816,0.195691484637651,0.795,0.136751141401327,0.876,0.259613864445623,0.9,0.200407472168577,0.915,0.319821575368987,0.946,0.262364678944654,"beta",74,200
"sebart",0.102165278174035,0.173023454073381,0.127474537935568,4.57000000000005,0.855,0.195086239987711,0.776,0.134827303411279,0.909,0.259370380675056,0.905,0.199043526312712,0.941,0.319524380479999,0.949,0.26201216913598,"beta",75,200
"sebart",0.114727026056206,0.19283806621312,0.12372297110235,5.71299999999997,0.864,0.262142841151267,0.81,0.172179414833921,0.916,0.353915797405158,0.909,0.266304455990988,0.954,0.438031835981917,0.943,0.357748819031457,"beta",76,200
"sebart",0.12316612689976,0.204104551904824,0.129788627386852,4.98900000000003,0.865,0.227799032626823,0.844,0.15532443406362,0.92,0.308605708307671,0.936,0.233461188545596,0.95,0.382168962520902,0.968,0.312518787320106,"beta",77,200
"sebart",0.120405247019655,0.199534383310561,0.1289103208652,4.58300000000008,0.901,0.249006749019639,0.865,0.169101521594021,0.955,0.330782330144048,0.964,0.252975904367924,0.983,0.405684571757048,0.986,0.333739644652679,"beta",78,200
"sebart",0.127249146032171,0.191086565178304,0.119219865587923,4.61299999999994,0.884,0.234735236086504,0.836,0.155736889371977,0.945,0.310940147651864,0.918,0.237706462551387,0.976,0.381967705481244,0.967,0.313615701778584,"beta",79,200
"sebart",0.122483445618302,0.171880823815258,0.125402727383199,4.49699999999996,0.82,0.201921442098302,0.748,0.138959966412198,0.888,0.265578009910804,0.874,0.205254334359238,0.946,0.32634704082098,0.935,0.26847533206218,"beta",80,200
"sebart",0.102869457467142,0.199047369882443,0.135223773513321,4.60699999999997,0.885,0.237030412384678,0.875,0.155518892413968,0.956,0.315647295359498,0.958,0.240678110579485,0.976,0.393143470020933,0.984,0.31829780461183,"beta",81,200
"sebart",0.106559991420533,0.182026229474503,0.129357313473714,5.101,0.845,0.212888479695571,0.85,0.147265317289648,0.903,0.284383005917473,0.935,0.218011422145941,0.934,0.351964423559437,0.966,0.287684028282037,"beta",82,200
"sebart",0.129111950082181,0.192443073023537,0.120114885822385,4.63799999999992,0.836,0.235910435293387,0.833,0.167756487293196,0.939,0.312445503140212,0.933,0.243757069483701,0.971,0.383038204324242,0.971,0.316675225425032,"beta",83,200
"sebart",0.115022844268213,0.205239783625438,0.136535826137146,4.60299999999995,0.862,0.249744762977731,0.861,0.158335206451089,0.92,0.338847867490794,0.948,0.252426497048452,0.954,0.42394937404318,0.979,0.341491542985078,"beta",84,200
"sebart",0.106859730008055,0.189090071950547,0.14221937959028,4.6339999999999,0.783,0.2252313886966,0.822,0.156127709387448,0.855,0.289029415800334,0.923,0.227707610478259,0.894,0.348481215108445,0.967,0.290989595037286,"beta",85,200
"sebart",0.111594168436087,0.182310026249717,0.127371996594102,4.64599999999996,0.839,0.224383999745186,0.774,0.148559634399105,0.913,0.302473984163832,0.913,0.227270279875213,0.955,0.377261459589642,0.96,0.305220459016683,"beta",86,200
"sebart",0.0934110770076493,0.193534862312169,0.133973429163119,4.68700000000001,0.888,0.215873547609363,0.839,0.14187604516438,0.944,0.294981184174683,0.933,0.218980889218742,0.975,0.369259719248325,0.967,0.297730015480435,"beta",87,200
"sebart",0.110541106441054,0.187777454049397,0.132255001115406,4.63299999999992,0.842,0.2441361548436,0.808,0.158153876561722,0.904,0.326235738484443,0.912,0.24700681233126,0.948,0.403609136339201,0.952,0.328682963056834,"beta",88,200
"sebart",0.118888269893496,0.173792485581394,0.126389280221198,4.58699999999999,0.832,0.198820296954872,0.758,0.138812286110298,0.903,0.267146834787852,0.873,0.20510228871505,0.947,0.333499799330923,0.921,0.270765365854006,"beta",89,200
"sebart",0.128451771422573,0.172336209522538,0.11856453753904,4.67399999999998,0.864,0.268690317477751,0.85,0.172132757155798,0.934,0.363217158683508,0.944,0.271140847437565,0.957,0.449858836588938,0.973,0.36581220475916,"beta",90,200
"sebart",0.111677712283883,0.205609667477948,0.127860197843585,4.49000000000001,0.861,0.210607608781326,0.757,0.142286304849113,0.936,0.287172384329754,0.884,0.215633803251617,0.971,0.357417372063637,0.952,0.290120364321535,"beta",91,200
"sebart",0.131780649361705,0.165601588354076,0.128362087537335,4.56499999999994,0.744,0.216332519961885,0.722,0.14384155096136,0.799,0.289979967279254,0.82,0.219408062492863,0.822,0.360045662907554,0.858,0.292530292218775,"beta",92,200
"sebart",0.119705350410367,0.19431152267577,0.125834010354126,4.49900000000002,0.875,0.213628766016581,0.837,0.150074138603632,0.952,0.284761018724553,0.936,0.219440238260996,0.984,0.351980885811387,0.977,0.288177064577766,"beta",93,200
"sebart",0.101368197400354,0.184665531260243,0.132941646534372,4.51900000000001,0.804,0.219604009224168,0.849,0.144422338565337,0.848,0.296252114981209,0.925,0.22206234606432,0.891,0.368142053363681,0.959,0.298653226987369,"beta",94,200
"sebart",0.113710410917768,0.179317889729625,0.136539506668246,4.48500000000001,0.792,0.178966346425121,0.742,0.118266877930382,0.88,0.240195215569917,0.875,0.181800215639087,0.916,0.299512065883497,0.942,0.242825888437963,"beta",95,200
"sebart",0.111194870966148,0.173259147944931,0.13085600399001,4.46900000000005,0.789,0.196961318446335,0.756,0.130381866093911,0.867,0.272308783551898,0.867,0.201737483986744,0.905,0.344755627397923,0.917,0.275943914586463,"beta",96,200
"sebart",0.118095586234755,0.169711444922873,0.130002199461552,4.52799999999991,0.831,0.192715363757754,0.765,0.130143078819016,0.894,0.25982942972381,0.894,0.196300988565725,0.927,0.323498268402429,0.934,0.262290365751897,"beta",97,200
"sebart",0.110488763162461,0.189546639387887,0.138104281280371,4.5139999999999,0.831,0.231347667691182,0.794,0.158066493776119,0.895,0.309134348789451,0.918,0.236825258470516,0.935,0.38000131158457,0.958,0.312825632440263,"beta",98,200
"sebart",0.110229300234702,0.159517545557086,0.118092096309134,4.56099999999992,0.878,0.186170007011389,0.827,0.129558014602043,0.932,0.248090503062412,0.928,0.190852709198966,0.956,0.304824033238341,0.962,0.25055923701932,"beta",99,200
"sebart",0.117189085114119,0.193975578476789,0.128343496366134,4.63300000000004,0.838,0.15943289387545,0.828,0.114689189268967,0.913,0.214435590236154,0.91,0.165969413892259,0.948,0.265920674392758,0.948,0.218392087254936,"beta",100,200
"sebart",53.1551188680127,75.6493009131864,67.7251038565462,4.73199999999997,0.825,117.856307917677,0.781,95.0782395055927,0.903,145.03496862628,0.891,125.166738580141,0.941,165.349680989898,0.94,150.259567760432,"arctangent",1,200
"sebart",55.196111735508,74.9345459917376,63.0180581947481,4.80099999999993,0.87,115.851868398216,0.816,92.0107083809365,0.934,144.208583359155,0.915,122.728527430631,0.973,165.429941163815,0.958,149.051695569306,"arctangent",2,200
"sebart",59.7070230362742,79.7651745534021,69.1799564693207,4.91200000000003,0.813,125.8328934713,0.765,98.5751394542222,0.899,154.367010002935,0.887,133.161866172605,0.945,176.550456906112,0.937,159.60791207577,"arctangent",3,200
"sebart",56.6975685865093,78.4401700598896,66.8245709869601,4.67200000000003,0.897,128.478150891173,0.809,99.8630960000062,0.946,157.204674215126,0.936,135.085213351215,0.967,179.042013689946,0.977,161.925255960945,"arctangent",4,200
"sebart",60.3940045682755,78.3837008593931,68.7268443997881,4.80899999999997,0.841,135.689960574907,0.812,105.936401969749,0.908,164.077524249819,0.91,142.920867726247,0.954,185.499729235612,0.958,168.984416443226,"arctangent",5,200
"sebart",57.9553026205014,74.9353372572338,63.8171532856776,4.78100000000018,0.816,120.630531902654,0.773,96.7771012444076,0.901,148.0526206967,0.875,128.707708231829,0.94,168.761414171675,0.931,153.254845897056,"arctangent",6,200
"sebart",53.7223503810285,75.1389283201001,62.7933869858961,4.78400000000011,0.876,124.984410026645,0.82,96.5699844112904,0.942,151.671074467766,0.928,131.076612155744,0.969,172.783294442768,0.97,156.268501292059,"arctangent",7,200
"sebart",54.4087765410053,72.6323407648615,63.3711582969559,4.62100000000009,0.871,129.026166734931,0.835,102.552981931249,0.927,158.510578436565,0.92,136.904949968811,0.951,180.536511795555,0.948,163.693642750194,"arctangent",8,200
"sebart",51.0321031388224,72.7645526360748,63.5345391446122,4.85299999999984,0.83,114.091950946779,0.812,91.7998012082199,0.902,141.722252455655,0.906,122.529722509764,0.936,162.886789498615,0.946,146.892473296362,"arctangent",9,200
"sebart",55.3536866415856,73.9021154813366,67.7690650890728,4.72099999999978,0.789,111.574407604395,0.791,92.058166265311,0.862,138.858534179582,0.875,121.232494457972,0.91,159.867030105022,0.912,144.673534366302,"arctangent",10,200
"sebart",53.9226697869625,78.5059659067946,69.4777362756981,4.71599999999989,0.866,130.742210026407,0.823,99.7843188501471,0.928,159.488011124308,0.925,137.593100640245,0.958,180.819620911745,0.958,164.629028613863,"arctangent",11,200
"sebart",55.1108254082807,75.3223242324795,65.1198005313398,4.84500000000003,0.854,127.461792402196,0.815,100.689684924406,0.911,156.286198006765,0.917,135.011683774126,0.941,177.640164875645,0.949,161.511261724254,"arctangent",12,200
"sebart",54.2876197883729,73.1507724148596,62.3755109966073,4.74099999999999,0.886,129.472537249364,0.836,102.25211775652,0.941,157.848214098172,0.938,136.314317234605,0.972,179.131397636861,0.97,162.669143450863,"arctangent",13,200
"sebart",54.321112586912,71.5800695820491,63.4736815230113,4.779,0.858,125.102204135618,0.833,101.075153378674,0.916,153.264888078666,0.921,133.374464650843,0.955,174.824055793745,0.959,158.664627241021,"arctangent",14,200
"sebart",52.2700553503261,69.7719803828503,59.0245248226592,4.57999999999993,0.83,106.074074581895,0.785,85.6508704285501,0.901,132.600166896546,0.887,113.659828454286,0.927,154.067284877982,0.929,137.359591000964,"arctangent",15,200
"sebart",59.0803106573279,72.653745386523,64.0417907275902,4.60500000000002,0.805,119.203714926401,0.763,96.3396755117261,0.883,147.235448575419,0.87,127.859607846418,0.927,168.867215801609,0.912,152.556186032389,"arctangent",16,200
"sebart",59.5820394439424,73.6068495120245,61.9738788866515,4.64100000000008,0.848,130.996045031121,0.792,101.387200312942,0.903,159.785617045692,0.894,137.831189104133,0.929,181.283784260278,0.949,164.523940012091,"arctangent",17,200
"sebart",57.2465328006981,72.5732054576816,62.8953025054129,4.47700000000009,0.847,129.349894374606,0.825,104.87398543487,0.918,157.706597379515,0.915,138.719145526209,0.952,178.724699247438,0.95,163.350412023317,"arctangent",18,200
"sebart",50.8722366835808,75.8288858116096,63.6355603158901,4.53700000000003,0.858,120.865628271167,0.818,92.0641384361797,0.923,149.628265001924,0.912,127.200116034956,0.949,171.65560558774,0.948,154.255690224177,"arctangent",19,200
"sebart",53.6390676281721,75.7619815801576,64.959177699123,4.51299999999992,0.863,119.49288304841,0.848,94.972089677674,0.92,146.94235524885,0.923,127.102120772734,0.944,167.346533424407,0.952,152.515390383814,"arctangent",20,200
"sebart",57.6387448214504,76.5061278848031,65.7916267165203,4.54700000000003,0.837,129.228207858327,0.763,102.118408733505,0.908,156.07035225136,0.887,136.343089114532,0.945,176.83523878105,0.949,160.907034631049,"arctangent",21,200
"sebart",52.0665895702156,68.933994158957,60.308380051585,4.673,0.87,126.763156517378,0.809,101.858636242471,0.927,154.498358276001,0.925,134.952154481414,0.949,174.979541697425,0.953,159.719401740509,"arctangent",22,200
"sebart",58.7232492378214,74.7883503396961,65.5052617426115,4.63700000000017,0.832,132.557388864292,0.811,106.173632636728,0.887,160.586127469627,0.907,140.554311243287,0.928,181.442702005778,0.922,165.529419049956,"arctangent",23,200
"sebart",53.4039408345862,73.0826374657142,61.0793797568712,4.60699999999997,0.867,121.472085738534,0.807,96.7000763111983,0.919,150.015162380857,0.923,130.182436665265,0.953,171.609132854894,0.96,155.465233961732,"arctangent",24,200
"sebart",59.2870625533275,80.5018987900519,71.0590008084181,4.59400000000005,0.836,131.666649266556,0.823,105.054518485476,0.901,159.90921992701,0.907,140.106626635498,0.935,180.316767302789,0.938,165.370521975337,"arctangent",25,200
"sebart",64.7881680659625,78.6897715968371,65.8978740240244,4.47900000000004,0.877,145.041680295342,0.813,111.009388222631,0.933,173.345705922005,0.912,150.49642844757,0.954,192.838102465841,0.961,177.499631653073,"arctangent",26,200
"sebart",54.3759708142463,78.3719579307552,67.0535109156937,4.45000000000005,0.824,117.892532551114,0.778,92.6142260345296,0.891,146.058822820651,0.892,125.213979245868,0.936,167.21125833889,0.933,150.773910685565,"arctangent",27,200
"sebart",57.5265683305987,77.642735831798,70.6700738315369,4.52200000000016,0.75,120.552386631316,0.731,98.2061886373295,0.841,147.626833235206,0.846,130.061844884035,0.885,167.435005274273,0.894,153.772710329746,"arctangent",28,200
"sebart",58.135306578602,82.9490467199739,72.5975665869746,4.58799999999997,0.832,130.897679957805,0.777,99.6617129540908,0.899,160.902965005723,0.883,137.317407543605,0.926,181.431857702809,0.927,165.470568905354,"arctangent",29,200
"sebart",49.2003802125967,70.888423383176,61.2837919160082,4.69299999999998,0.875,119.428645571577,0.836,94.101726506473,0.928,144.773141170017,0.93,126.313554319193,0.957,165.352297640741,0.967,150.134227953837,"arctangent",30,200
"sebart",51.3613174657584,69.7920182419122,63.2425552260565,4.61599999999999,0.853,115.566744301805,0.82,94.1574170881397,0.915,142.921863285675,0.904,123.470522047653,0.946,164.169197856266,0.952,148.515803871935,"arctangent",31,200
"sebart",55.4644082956812,77.5544453935656,63.0921058840462,4.68600000000015,0.809,102.746805027133,0.768,79.0212621383238,0.883,129.980916030612,0.871,109.251510902243,0.921,151.770871211981,0.918,135.062673350182,"arctangent",32,200
"sebart",55.0520586858472,72.8465098914997,65.8898025759254,4.78399999999988,0.874,131.030275645392,0.839,105.267211510743,0.931,160.158429475708,0.939,139.163825027124,0.956,180.85668330308,0.961,165.876770024111,"arctangent",33,200
"sebart",53.7840196128374,76.6541731081637,63.9852518465475,4.55100000000016,0.808,106.006383936901,0.789,85.7608871779401,0.897,130.578289429491,0.898,114.452339966522,0.938,150.424863790337,0.932,135.705645557922,"arctangent",34,200
"sebart",55.1664603434682,73.9314435694006,63.1010125411616,4.64499999999998,0.859,131.607427564404,0.821,103.826212990497,0.918,160.859421914419,0.918,139.080047636226,0.945,181.919226575714,0.958,165.900473373396,"arctangent",35,200
"sebart",57.7639360201904,72.2042407066541,61.4193912437605,4.66300000000001,0.87,135.957476832336,0.845,107.791058415785,0.931,165.875232489359,0.93,143.612716439121,0.966,188.100939635723,0.973,171.321301655608,"arctangent",36,200
"sebart",60.5873039308873,76.9825162890451,63.1137356633136,4.54399999999987,0.894,144.424018190194,0.837,112.462135632002,0.943,174.373052528668,0.93,150.582762457739,0.958,195.663345456276,0.967,178.705335501409,"arctangent",37,200
"sebart",65.7303887274295,79.9257310855921,65.2315145185342,4.50199999999995,0.816,127.120307395064,0.759,101.43861431085,0.906,154.528450732773,0.871,134.381065334309,0.945,175.039957015372,0.938,159.258734014972,"arctangent",38,200
"sebart",59.606195115919,81.5514968514804,71.6004290915802,4.56899999999996,0.812,121.724665526161,0.739,95.165334129604,0.892,149.107244195574,0.874,129.011615028645,0.944,169.731501419596,0.934,154.515870717784,"arctangent",39,200
"sebart",56.5279603738956,75.396478536181,63.7685006182485,4.59099999999989,0.86,121.506283156274,0.801,96.5587548440247,0.926,148.374518442335,0.916,129.250933344352,0.953,168.922813897021,0.958,153.889240156896,"arctangent",40,200
"sebart",60.3718044349891,73.6442044373248,59.8880397637511,4.59300000000007,0.88,139.183539155255,0.818,106.323604772873,0.939,167.30277032657,0.925,144.992936762311,0.964,189.024799330618,0.964,171.806521976878,"arctangent",41,200
"sebart",60.592227874016,78.5739572010234,68.5598777251389,4.50800000000004,0.83,128.479571208293,0.785,101.950101787474,0.901,156.477731797974,0.892,136.187009569958,0.94,177.072741034626,0.929,161.445957669629,"arctangent",42,200
"sebart",53.0814794812325,68.2936241989295,59.653918096026,4.56700000000001,0.874,130.074810667119,0.849,102.596231096297,0.918,160.412547454601,0.921,137.85343856138,0.946,182.455380141368,0.943,164.875183611033,"arctangent",43,200
"sebart",55.4303024643327,75.2705892750602,67.1741107889172,4.72800000000007,0.84,134.880999861861,0.791,104.491622474046,0.885,165.358276637445,0.879,141.361871903366,0.915,186.794012864402,0.927,170.645590911921,"arctangent",44,200
"sebart",52.2627821176947,69.9326217630324,62.6182676217763,4.63499999999999,0.823,114.954199760008,0.791,92.7414951551461,0.885,142.363724758634,0.873,123.529587414665,0.923,164.515690652806,0.92,147.823348423295,"arctangent",45,200
"sebart",57.2256102397933,80.9703492388568,69.0623928304101,4.50800000000004,0.813,129.864082387132,0.786,99.1162214073537,0.88,158.106660718923,0.898,136.850622013599,0.926,178.843361969134,0.947,163.278355308323,"arctangent",46,200
"sebart",61.3753907235289,78.8395638223819,68.8498332169477,4.60000000000014,0.832,130.035818303364,0.789,103.203180384877,0.893,157.987894949632,0.88,137.530188880505,0.93,178.364557424564,0.935,163.531594498367,"arctangent",47,200
"sebart",62.7187853724235,85.9983169542151,72.2609124355395,4.51999999999998,0.804,121.668708404581,0.729,94.1300623222747,0.889,148.076612821002,0.868,127.860402473958,0.932,168.354327509122,0.933,152.523884548737,"arctangent",48,200
"sebart",55.1292431935551,76.4746125892881,65.6046132734801,4.50500000000011,0.853,127.940661758268,0.846,101.657353308843,0.926,156.735181664359,0.927,135.988132826475,0.957,179.697884199993,0.968,162.399152682638,"arctangent",49,200
"sebart",54.7272636326134,79.460737332737,70.5961284328529,4.51999999999998,0.838,118.573800241139,0.794,93.6319488970417,0.934,147.581111896867,0.904,125.595920882591,0.957,169.453535704524,0.963,152.133991634217,"arctangent",50,200
"sebart",65.7643228366922,81.7031620086571,67.0895393577259,4.548,0.828,134.627202264532,0.755,104.112575577102,0.909,163.056494743864,0.884,141.414260939179,0.94,183.829558381571,0.941,167.736139604256,"arctangent",51,200
"sebart",52.1279222457807,70.1829899258591,62.023954403706,4.63700000000017,0.769,103.00027154067,0.761,85.7378710377217,0.85,128.604113401325,0.852,113.315126463373,0.884,149.04120937909,0.887,135.279780214149,"arctangent",52,200
"sebart",62.2276869313726,76.8242761941575,67.6335739000782,4.58699999999999,0.834,131.039788558801,0.787,105.864275321029,0.908,159.410570159538,0.9,139.914354910198,0.943,179.763557215524,0.95,165.303143511297,"arctangent",53,200
"sebart",57.1404289594933,77.6298542624296,65.9050944560102,4.4860000000001,0.838,123.312769926739,0.792,95.6774536471411,0.908,151.47940966072,0.906,130.521276080512,0.948,172.417604129066,0.947,156.644150184503,"arctangent",54,200
"sebart",54.0087046797891,77.3538692121044,68.4475419070758,4.59300000000007,0.795,115.449835288582,0.758,91.3794760566629,0.878,143.48917718765,0.855,122.280221298064,0.914,164.764763172777,0.915,148.410778634279,"arctangent",55,200
"sebart",55.7397023259163,76.9683341196706,68.7464090539337,4.55499999999984,0.822,124.780098924603,0.793,100.630479452469,0.895,152.193178660988,0.889,132.663743422618,0.934,172.335143200976,0.939,157.068895285142,"arctangent",56,200
"sebart",58.8600500054023,81.1050775055513,67.7386080280136,4.6070000000002,0.851,126.058290439044,0.79,96.397746604111,0.916,154.537118396538,0.922,132.531467533198,0.948,176.206339881721,0.965,159.204954284145,"arctangent",57,200
"sebart",58.7782567973257,77.5746002846607,67.4809841294557,4.50999999999999,0.865,132.088801193372,0.828,103.523359191858,0.931,162.492276550062,0.916,139.00963369932,0.962,185.121613912726,0.96,167.423422200707,"arctangent",58,200
"sebart",56.8553666491474,75.0395199618787,64.0019558268829,4.54899999999998,0.874,140.511126974896,0.845,109.219618623045,0.925,169.845739402541,0.937,147.389574535743,0.961,190.358041126043,0.967,174.782523188972,"arctangent",59,200
"sebart",61.3673065592623,81.4977660203279,68.8212828292266,4.57799999999997,0.896,144.40777056929,0.831,109.657045621193,0.938,174.908842456816,0.934,150.465596834975,0.964,195.036682670202,0.966,179.350116210965,"arctangent",60,200
"sebart",52.796554169236,72.2376193243042,62.0016649927649,4.55799999999999,0.875,129.741083777065,0.852,102.015492902946,0.926,159.958498864367,0.928,137.036190976118,0.953,182.613574501454,0.966,165.199420752939,"arctangent",61,200
"sebart",54.0168185369179,74.5236055774648,65.0123835661163,4.61300000000006,0.777,104.638975405608,0.763,85.6495638356871,0.855,129.833552155643,0.868,113.261724727215,0.904,149.853335795208,0.912,136.320693334176,"arctangent",62,200
"sebart",57.7229713769114,73.2612092587005,63.9824130666636,4.62799999999993,0.843,135.272630048911,0.81,109.231584092359,0.9,162.841918348398,0.909,143.480122454241,0.928,183.54666487532,0.934,168.18602614228,"arctangent",63,200
"sebart",52.3655755744466,74.8025090469782,63.796694277042,4.62100000000009,0.848,113.77514001741,0.81,91.5142091449164,0.929,141.291892464578,0.915,121.197417011359,0.958,162.13486283143,0.963,146.786790581452,"arctangent",64,200
"sebart",55.3620106028637,77.2038857841033,67.9759954905905,4.55600000000004,0.841,117.557692828137,0.809,95.1126648053681,0.921,144.138951478465,0.901,124.691831695719,0.957,165.076798407926,0.948,148.839872065686,"arctangent",65,200
"sebart",58.6081274913797,77.8052593731346,67.1814021428577,4.6719999999998,0.874,134.293330878624,0.801,104.350803761509,0.921,164.077726254247,0.92,141.463952203771,0.954,185.52889593042,0.955,169.278215911755,"arctangent",66,200
"sebart",66.3140736640369,83.6224466446576,73.2404937903256,4.49599999999987,0.837,144.801458584903,0.763,111.121560968366,0.898,175.136106403723,0.886,150.894605201125,0.936,196.63993767015,0.939,179.762367939532,"arctangent",67,200
"sebart",54.7273910430418,77.3358878290781,69.6144980206719,4.48799999999983,0.806,124.690766646706,0.794,100.269264621473,0.885,152.182202812727,0.883,133.709450147202,0.921,173.1357210364,0.932,158.4962561985,"arctangent",68,200
"sebart",57.5882024862333,71.2250086845235,62.5986610591582,4.48799999999983,0.842,130.861937258327,0.826,107.598146819706,0.911,158.509675679287,0.914,139.907145150343,0.946,178.704622042404,0.948,163.527131978505,"arctangent",69,200
"sebart",60.9481785351052,77.1451618706312,63.7329562169721,4.50399999999991,0.843,131.569281270104,0.807,103.352883844654,0.908,159.482454612757,0.898,138.880208592406,0.948,180.246439717647,0.943,164.399992374483,"arctangent",70,200
"sebart",55.8704970759599,73.3524695257458,64.9141819251535,4.5809999999999,0.805,114.539357841746,0.765,94.1630907691943,0.866,140.732286285129,0.875,123.555355960578,0.905,161.811635020895,0.91,146.727694470996,"arctangent",71,200
"sebart",61.9095487830925,85.3533310029714,72.3577279069967,4.49800000000005,0.836,126.135220643937,0.762,97.0669730275269,0.898,153.121813022603,0.885,132.258301368952,0.929,173.148644056655,0.943,157.759041920091,"arctangent",72,200
"sebart",58.4833783993065,70.3016918763599,60.4627586654438,4.50299999999993,0.88,147.174086293735,0.83,113.778017739459,0.917,177.037736027795,0.921,154.115911463963,0.949,198.276315100723,0.952,181.912660545337,"arctangent",73,200
"sebart",69.8328970267032,84.0658942311076,68.1556756594108,4.48199999999997,0.811,131.036010828414,0.726,102.099887172917,0.885,158.085875871032,0.859,137.246998358045,0.928,177.960864262366,0.92,162.60326896313,"arctangent",74,200
"sebart",57.8888113050624,77.934843030622,68.3507419252353,4.48000000000002,0.828,128.078904986733,0.785,101.77418988541,0.903,156.791561810261,0.911,136.685256012744,0.943,177.360680259817,0.952,162.187886996945,"arctangent",75,200
"sebart",50.5826442898099,75.6309354757444,65.838818847917,4.47800000000007,0.835,107.849535643179,0.8,88.1646988233373,0.908,134.758797960884,0.904,117.793332462616,0.946,156.327300079759,0.947,141.015718389587,"arctangent",76,200
"sebart",62.8266512047992,77.5554399256834,63.6993565562554,4.48900000000003,0.888,140.269837841685,0.828,107.660305400708,0.947,168.336663258954,0.934,146.181272196789,0.971,188.210487963049,0.969,172.357817211659,"arctangent",77,200
"sebart",60.7665897765257,75.9463432323107,65.3062730946949,4.52399999999989,0.86,140.402634669253,0.797,110.735127224536,0.934,171.380004329852,0.919,147.28999851595,0.96,194.181001715047,0.966,176.144394285135,"arctangent",78,200
"sebart",53.5358720739659,71.9234907191511,62.0648079545502,4.49299999999994,0.833,109.524841450929,0.781,89.4015870423598,0.916,136.344464129034,0.893,118.467242450297,0.958,157.601255105339,0.938,142.502648466701,"arctangent",79,200
"sebart",53.7310054508389,73.2360547607825,64.4893456090239,4.47800000000007,0.843,126.746459164598,0.808,102.090807714298,0.897,154.290466977892,0.894,134.123334194858,0.931,175.769895161424,0.944,159.262381165033,"arctangent",80,200
"sebart",50.4821180302545,72.1577748603753,63.6962056619851,4.52300000000014,0.851,116.277581661519,0.816,92.1498262499498,0.896,142.818417859785,0.892,122.994202078,0.924,162.810409572139,0.942,148.193149873027,"arctangent",81,200
"sebart",53.0181070093487,76.4295370796964,66.7920796677973,4.50599999999986,0.83,109.584571152446,0.786,87.3507776683068,0.904,136.393339224066,0.893,116.815992430707,0.946,156.339624534283,0.947,141.4257559626,"arctangent",82,200
"sebart",54.5610958175522,74.6466585426171,66.8295124534517,4.53500000000008,0.83,119.588787105926,0.811,96.5480301159113,0.89,147.467173063529,0.897,129.075826086552,0.934,168.52470947918,0.929,154.108655511803,"arctangent",83,200
"sebart",57.5005876138772,70.4980482622728,58.8362219486409,4.48900000000003,0.85,126.889503557863,0.813,100.477842361975,0.906,155.763794554865,0.9,134.655350924869,0.947,176.427500129598,0.932,160.491065512475,"arctangent",84,200
"sebart",50.3602843533861,74.9470187417803,65.243897457301,4.59999999999991,0.82,110.387814557326,0.787,87.9598087838453,0.887,137.196496813439,0.88,117.173450267533,0.908,157.751783341017,0.913,141.908010763531,"arctangent",85,200
"sebart",59.5746352353086,75.6491947365835,61.6853214601976,4.5,0.795,115.479259451337,0.74,91.1142274508121,0.877,141.700633968791,0.861,123.110303961728,0.915,161.854834747669,0.912,146.852136235122,"arctangent",86,200
"sebart",49.1456618683128,73.3439248782015,63.3302746730533,4.55400000000009,0.842,99.7036975495851,0.821,81.8598398707226,0.924,126.279711817334,0.908,108.927946157165,0.952,147.309313584474,0.939,131.806513959184,"arctangent",87,200
"sebart",59.75236687543,74.334873641904,65.6845709438997,4.51199999999994,0.843,137.366888970679,0.797,110.109159662458,0.89,164.104961983556,0.896,145.25123102758,0.913,183.791219376785,0.921,169.27163638919,"arctangent",88,200
"sebart",54.8903482546293,67.3975005161881,60.5396956112825,4.49400000000014,0.805,110.873991816164,0.786,92.6611425505919,0.891,139.885012290434,0.858,121.23725179342,0.921,163.369883793551,0.913,145.542915820201,"arctangent",89,200
"sebart",48.7512966084568,73.1703885543474,65.3675742836953,4.46599999999989,0.855,117.545992510421,0.855,95.6657955332683,0.914,145.783450558691,0.92,126.6367202318,0.938,167.425250803753,0.954,151.709153836711,"arctangent",90,200
"sebart",58.6671904236622,81.9743444180561,72.0627517299298,4.49199999999996,0.837,123.568624157373,0.801,98.6336201018217,0.906,150.637457069967,0.902,130.411883592645,0.94,171.577191168737,0.941,155.735096718261,"arctangent",91,200
"sebart",56.5215104552622,79.2941362772833,68.2729229933012,4.47600000000011,0.866,136.809887186441,0.846,108.00095552129,0.931,166.513795390455,0.932,145.483006663205,0.949,188.336621277912,0.966,172.217036224647,"arctangent",92,200
"sebart",58.1802857430413,78.1344017824878,67.0695712797448,4.44700000000012,0.834,127.157631306455,0.788,98.4483700684404,0.897,156.377535795111,0.896,134.402247442752,0.938,178.109085825269,0.942,161.587273292912,"arctangent",93,200
"sebart",57.3501359662715,78.3115280861858,63.8045971888683,4.48900000000003,0.86,123.966207260129,0.802,97.7509367237697,0.918,150.47125438802,0.904,129.564055519413,0.953,171.949294004914,0.942,154.568735526197,"arctangent",94,200
"sebart",51.1492466968546,78.01470435182,66.7604532642071,4.49700000000007,0.825,109.971443594042,0.797,86.1396026859109,0.893,136.648611543291,0.903,117.003934636594,0.927,157.240030274924,0.936,141.910282772128,"arctangent",95,200
"sebart",58.5596871936748,77.5090519378444,67.5948944447691,4.49700000000007,0.851,134.411770067609,0.818,105.735182084261,0.905,162.17853233695,0.912,141.580819509393,0.933,182.252594901621,0.947,167.204212162187,"arctangent",96,200
"sebart",63.2816660028663,81.5303915285815,69.3110733149867,4.47900000000004,0.85,130.447706009694,0.779,102.210731406045,0.917,159.311278776115,0.907,138.380690368969,0.951,179.441914617739,0.958,164.650692389255,"arctangent",97,200
"sebart",49.1935014357273,69.3357542938676,59.2944378625076,4.48000000000002,0.869,111.453847023759,0.85,91.1219400293647,0.934,139.006737419533,0.935,120.291786669584,0.962,160.421495640276,0.964,144.151192760313,"arctangent",98,200
"sebart",54.521842180699,74.8060446765815,67.5466907122962,4.529,0.753,109.757096794926,0.721,87.6745413556888,0.831,136.079147625669,0.836,119.754782172316,0.858,155.762298043466,0.872,142.40949079602,"arctangent",99,200
"sebart",57.7580504261368,79.2631817218641,69.272199512355,4.55099999999993,0.857,132.454946094009,0.817,103.892975875867,0.926,160.903094018222,0.921,139.451513971162,0.957,182.78412239616,0.968,165.994007211298,"arctangent",100,200
"sebart",771.679669719891,706.73703675714,545.345687851684,126.784,0.863,998.958297907788,0.826,731.778171330187,0.943,1356.19757104576,0.914,1085.82954140261,0.962,1647.13669493905,0.96,1424.83210319324,"box_cox",1,200
"sebart",877.666559245252,576.143113231531,446.892957871698,4.71599999999989,0.825,1065.95873802577,0.749,769.249834143962,0.893,1528.60460915731,0.855,1130.24552323204,0.939,1959.64508965846,0.919,1578.12345961391,"box_cox",2,200
"sebart",1201.94902833367,604.387304966946,471.173206572172,4.45900000000006,0.832,928.483991779433,0.767,688.722236822841,0.898,1227.75959338106,0.888,1001.81000138286,0.94,1512.83592611302,0.924,1285.23649795211,"box_cox",3,200
"sebart",1357.58181095039,672.638929794474,487.578164425051,4.68100000000004,0.806,820.147649360298,0.729,629.170315306523,0.893,1074.40452077402,0.859,883.509556944161,0.94,1309.26946933435,0.921,1122.7982705601,"box_cox",4,200
"sebart",973.100399194993,632.323941710123,489.658372406267,4.52400000000011,0.792,690.908369301817,0.71,538.926525302628,0.876,851.459285438676,0.833,737.780367949289,0.909,1010.65325924484,0.903,888.151747731101,"box_cox",5,200
"sebart",926.72077785397,644.682368881438,508.407943684892,4.50999999999999,0.817,824.868260053854,0.751,625.70001413218,0.886,1131.47411622276,0.88,892.543610619492,0.917,1387.2225756384,0.925,1185.61237339328,"box_cox",6,200
"sebart",927.226944375532,642.560281377178,522.090925565562,4.49400000000014,0.854,821.218033045951,0.809,632.002378400249,0.903,1097.89802410529,0.911,893.956035035285,0.94,1329.71931406038,0.946,1154.93008896031,"box_cox",7,200
"sebart",756.635384051566,620.193055680238,470.033652888808,4.48099999999999,0.814,1120.13717590418,0.766,785.355502009405,0.889,1530.60542068677,0.877,1185.44984631028,0.938,1868.65418919988,0.932,1587.43548754494,"box_cox",8,200
"sebart",839.556036645967,655.351087424909,486.233024987832,4.46299999999997,0.824,943.953083035249,0.739,715.535267870636,0.9,1248.09233548007,0.867,1017.03755049984,0.947,1513.5822218376,0.928,1307.93276634114,"box_cox",9,200
"sebart",1552.19840645666,733.176807221844,613.354506404526,4.48099999999999,0.82,670.72054274187,0.765,529.313136783124,0.884,869.526219874042,0.865,728.080455520086,0.914,1041.88049681202,0.91,907.255535316082,"box_cox",10,200
"sebart",898.270258166188,673.335706569447,517.555674050025,4.62200000000007,0.832,946.024142642571,0.754,723.135855905179,0.907,1232.02860346515,0.877,1015.23535053743,0.941,1489.73314788452,0.939,1281.77293818064,"box_cox",11,200
"sebart",561.575446707443,633.720796374182,467.227598268212,4.45000000000005,0.843,1085.11457805416,0.779,807.352712364302,0.914,1425.79748017784,0.884,1163.79153964184,0.946,1721.07828539098,0.947,1490.77122745555,"box_cox",12,200
"sebart",2522.6835500938,851.362986043636,559.782461400991,4.62300000000005,0.824,2791.77450931239,0.74,1809.08666424509,0.906,3729.7850449986,0.866,2869.34287772068,0.942,4498.55633972677,0.927,3804.91647064634,"box_cox",13,200
"sebart",1035.90047793034,606.590646582451,491.153327925078,4.60099999999989,0.862,906.229105966619,0.79,662.173509406802,0.914,1188.96683473928,0.903,976.221104554282,0.946,1442.28872373339,0.942,1245.56043303184,"box_cox",14,200
"sebart",869.349076863583,633.771486024446,455.95182341371,4.60200000000009,0.824,1187.68276402126,0.745,847.901740737881,0.897,1583.61381272971,0.87,1257.04882170481,0.938,1982.47573231458,0.935,1638.15224400905,"box_cox",15,200
"sebart",1660.24356115762,721.98247124601,465.295662282127,4.54300000000012,0.833,1821.81648134654,0.769,1228.42952035913,0.914,2391.50782201207,0.883,1890.77494676271,0.949,2914.90501376031,0.938,2446.36731399225,"box_cox",16,200
"sebart",739.863130075048,517.998875269647,405.497960070501,4.61900000000014,0.774,766.224412414584,0.698,564.302916312324,0.855,1044.62861961456,0.832,821.3780622728,0.901,1243.71245426633,0.907,1088.95086541391,"box_cox",17,200
"sebart",784.573558115591,638.86199593718,488.287611035816,4.61599999999999,0.815,945.625901825036,0.783,705.838749843614,0.892,1276.05897858336,0.87,1021.13923591926,0.921,1577.0368377592,0.924,1334.99182620413,"box_cox",18,200
"sebart",1310.34924420173,708.113056895198,557.17063734131,4.58400000000006,0.861,728.446709507977,0.793,564.786009248538,0.913,930.891989761083,0.897,793.883864825276,0.936,1101.5330813998,0.935,978.835249207886,"box_cox",19,200
"sebart",1439.66579830033,713.473765042214,564.75393352729,4.51700000000005,0.816,900.674562153851,0.737,697.993257629737,0.887,1192.45951618327,0.862,976.298842697278,0.936,1500.8116913127,0.923,1258.47051460839,"box_cox",20,200
"sebart",965.446393561806,764.742903415872,572.560367111699,4.51900000000001,0.85,857.160832072105,0.828,674.464217201296,0.912,1094.59499909099,0.909,920.540174218342,0.943,1304.11849695595,0.944,1142.99226118926,"box_cox",21,200
"sebart",954.50075083258,612.402618137551,475.328601749597,4.404,0.858,1007.52014771392,0.814,693.893100538776,0.92,1366.5178446684,0.901,1094.26293772383,0.955,1748.46796507948,0.939,1435.87418084257,"box_cox",22,200
"sebart",703.768430917796,601.239807208746,438.100613434712,4.57099999999991,0.826,1211.014640121,0.775,832.235641036416,0.891,1653.3400260374,0.878,1292.9513566919,0.932,2090.62615676081,0.919,1714.75679854763,"box_cox",23,200
"sebart",2008.05748142707,852.530701279954,551.484279459717,4.67100000000005,0.836,2030.99981556861,0.738,1372.07542316124,0.916,2685.18741429647,0.875,2107.99408592206,0.961,3254.21733099495,0.948,2757.17530923547,"box_cox",24,200
"sebart",1275.98206389546,661.103624994851,560.92270680567,4.83699999999999,0.879,902.636851381436,0.793,671.591427154685,0.915,1204.31419910302,0.901,981.385152044811,0.93,1476.88895771962,0.928,1263.53044349549,"box_cox",25,200
"sebart",889.660360878812,728.398554532974,563.756760075727,4.90599999999995,0.853,1118.13105815293,0.788,817.388934059487,0.929,1438.74205292004,0.9,1185.90588501706,0.961,1756.8200099397,0.951,1490.82841524844,"box_cox",26,200
"sebart",746.967338948958,602.536563001814,460.572606197669,4.56899999999996,0.849,921.146927707162,0.781,727.071947558639,0.929,1220.21363497366,0.881,991.15655286134,0.962,1517.51631290757,0.947,1275.41081117032,"box_cox",27,200
"sebart",519.327049492784,598.604370891303,450.090018051152,4.55700000000002,0.872,1148.85271604572,0.822,846.678745662313,0.904,1527.47695671209,0.899,1231.40009439496,0.932,1900.25179931447,0.928,1584.24234578308,"box_cox",28,200
"sebart",833.600304321848,498.76031149337,399.188704195191,4.44599999999991,0.774,705.568539208716,0.697,498.24166762656,0.858,968.878524709094,0.836,768.69578619394,0.911,1212.21931773578,0.896,1010.08303068698,"box_cox",29,200
"sebart",1205.25070990986,655.97808722364,524.393926493525,4.88699999999994,0.839,781.148011257829,0.77,610.17743165352,0.915,1037.53107730255,0.895,851.779387033308,0.952,1272.05489899922,0.938,1092.99201791339,"box_cox",30,200
"sebart",1130.59006361003,745.981987342624,602.041467043975,4.56299999999987,0.828,883.869203411534,0.745,686.754132092727,0.892,1119.464930337,0.867,946.356040924445,0.92,1335.21160815276,0.913,1165.9771327305,"box_cox",31,200
"sebart",1017.31933831719,677.580321795316,502.574581759918,4.51599999999985,0.854,1073.53026230601,0.811,829.158712423751,0.92,1362.18154753345,0.901,1137.65297969421,0.952,1628.43291156934,0.946,1408.85037043466,"box_cox",32,200
"sebart",999.357301741103,617.344743112714,500.813993929536,4.59400000000005,0.818,858.006140758467,0.771,652.699126155925,0.898,1133.59413628295,0.888,949.243433256283,0.948,1377.04849587313,0.941,1200.45889438478,"box_cox",33,200
"sebart",744.772235256843,624.366755834866,483.588372608504,4.55400000000009,0.842,1016.19130123597,0.792,787.559151770824,0.898,1337.0104911274,0.885,1097.33714239046,0.934,1646.39288046286,0.93,1392.66979552643,"box_cox",34,200
"sebart",658.264306295744,571.337766560468,433.05109653329,4.55199999999991,0.883,857.362124530654,0.83,673.181902689427,0.932,1106.57178487613,0.925,917.317346003202,0.958,1348.70563026999,0.952,1151.13459475,"box_cox",35,200
"sebart",1504.84596897091,911.899741087951,655.037504729017,4.56500000000005,0.859,1641.09721983795,0.789,1159.03050822238,0.921,2169.71932811698,0.902,1724.67166667764,0.942,2630.03852927216,0.953,2225.70811886888,"box_cox",36,200
"sebart",829.885076159955,645.794344542779,494.961639632101,4.49600000000009,0.822,710.926231053588,0.774,555.655888728765,0.903,908.213144100686,0.88,777.303840457362,0.935,1088.9021135682,0.933,958.48145939404,"box_cox",37,200
"sebart",597.864327894408,529.502896332025,399.06722469508,4.56700000000001,0.881,704.901881866171,0.823,561.030859259026,0.938,949.667656384605,0.915,764.887846451227,0.962,1155.25812044661,0.955,993.074223719527,"box_cox",38,200
"sebart",862.50382754916,594.915778218892,447.10110446242,4.50599999999986,0.822,780.466297858166,0.745,607.769976209485,0.889,1032.27050969628,0.87,855.289097116863,0.932,1271.83870643508,0.919,1091.02700307515,"box_cox",39,200
"sebart",637.46154487393,649.931644670099,472.214262392869,4.53699999999981,0.842,1009.97753754905,0.789,762.997234553903,0.908,1341.51095726359,0.896,1082.86236717348,0.937,1640.11743107145,0.935,1392.60753646565,"box_cox",40,200
"sebart",607.514021862789,570.617705861644,425.51466881844,4.54399999999987,0.793,740.056196304233,0.711,565.230668672178,0.867,980.403930491896,0.829,799.645571229129,0.908,1194.51102370495,0.896,1027.89050315015,"box_cox",41,200
"sebart",935.094134466028,729.033562548157,505.849439887932,4.57999999999993,0.843,1368.47124645095,0.782,1006.23029716497,0.895,1695.75311449924,0.879,1429.1241306141,0.93,2010.23240442261,0.921,1741.34229108644,"box_cox",42,200
"sebart",1081.49040121897,596.851333510758,500.697889005738,4.5,0.838,701.574657669819,0.784,550.021015201601,0.906,907.70871668991,0.882,762.93966220746,0.935,1087.50967051589,0.931,952.358299720551,"box_cox",43,200
"sebart",902.067882863914,594.989129044888,474.68443592976,4.54899999999998,0.853,802.24748223351,0.784,614.963532587758,0.915,1042.40504411291,0.893,865.677796903695,0.94,1256.71491834666,0.932,1092.79313016276,"box_cox",44,200
"sebart",803.894464060446,696.574734676067,483.397744844002,4.50800000000004,0.832,1188.6744647896,0.803,917.703637835616,0.913,1563.4504018008,0.894,1264.2341632651,0.949,1935.74729070721,0.951,1626.4041748902,"box_cox",45,200
"sebart",1598.75588484666,697.554351717019,545.025995141852,4.49300000000017,0.824,733.48587009432,0.789,578.460549192977,0.894,964.799579737035,0.885,806.374900608736,0.928,1175.38766741857,0.926,1019.52069132518,"box_cox",46,200
"sebart",945.95037023537,740.548611393827,552.217359580226,4.50099999999998,0.878,1088.86014923427,0.787,806.870285692227,0.943,1412.23983708843,0.907,1162.21275171467,0.971,1704.79804442232,0.964,1469.94644710555,"box_cox",47,200
"sebart",1228.32119065238,778.144693507518,574.155549684794,4.48099999999999,0.878,874.637487003006,0.815,679.19630617675,0.934,1131.97166522338,0.927,942.082974430877,0.96,1344.5392076537,0.959,1177.69854844594,"box_cox",48,200
"sebart",570.55252110555,545.14047565638,420.369970625276,4.49000000000001,0.867,753.874143052995,0.798,587.276900510614,0.927,983.902307052171,0.907,824.610584422424,0.95,1185.71516049387,0.94,1033.98917408018,"box_cox",49,200
"sebart",899.348500040703,604.813868643446,439.038424132813,4.62799999999993,0.877,1242.40074357378,0.814,889.27871881217,0.931,1738.0184084944,0.91,1335.46988072733,0.956,2153.75940545265,0.948,1809.02914318118,"box_cox",50,200
"sebart",1319.73191672633,769.6210562095,569.735411594357,4.58899999999994,0.868,1298.19059576304,0.82,980.361547389167,0.933,1678.41571276207,0.908,1380.95541294457,0.956,2047.01596252127,0.954,1736.23999429228,"box_cox",51,200
"sebart",749.485244805147,669.755825590566,503.755760205057,4.51099999999997,0.843,778.438763955393,0.793,621.008658943993,0.917,1003.3437434886,0.888,854.392879724055,0.941,1201.69627188253,0.938,1064.16382841864,"box_cox",52,200
"sebart",737.592317535895,590.106070346548,455.030609237323,4.58600000000001,0.784,1172.25919550367,0.725,805.072017415334,0.86,1596.03187157542,0.846,1234.09882153425,0.908,1982.45550645669,0.907,1645.24507956745,"box_cox",53,200
"sebart",778.284076434348,642.157033208448,470.505005175664,4.54099999999994,0.861,1108.49733605826,0.832,853.127836763656,0.936,1475.06631655204,0.919,1179.21401557195,0.965,1840.01178641544,0.963,1534.8729447877,"box_cox",54,200
"sebart",847.757957079585,644.781528634914,492.576983676026,4.6579999999999,0.875,1000.63997545063,0.805,784.866087367553,0.935,1324.65966652969,0.906,1092.49890745006,0.958,1653.72907150582,0.958,1390.46397590141,"box_cox",55,200
"sebart",1144.89401972525,720.462292925845,533.448769961673,4.62000000000012,0.788,1395.38462238899,0.716,986.780170226514,0.889,1803.81154113449,0.85,1458.77496678334,0.939,2229.28855914918,0.926,1860.23860320181,"box_cox",56,200
"sebart",1214.78065897928,722.246572380161,555.45662138458,4.625,0.836,1149.94519827333,0.789,866.188720781266,0.908,1509.7906310008,0.889,1223.46795991679,0.94,1862.66774485226,0.941,1570.62558980404,"box_cox",57,200
"sebart",1134.25902037101,679.185720454644,547.07979734358,4.61799999999994,0.839,725.887037486183,0.775,569.546629745609,0.915,946.411871492929,0.894,795.855961597942,0.949,1147.17091209542,0.939,1000.90825394557,"box_cox",58,200
"sebart",984.031263702721,657.367273071035,505.655171094567,4.56600000000003,0.787,955.027886192837,0.717,733.214458020072,0.878,1261.12605411778,0.838,1009.7104686105,0.921,1510.11591944862,0.905,1304.5440855948,"box_cox",59,200
"sebart",886.123579188142,563.939748020104,436.651714249447,4.48199999999997,0.859,1290.63501429208,0.798,824.547818161426,0.92,1793.3804271428,0.894,1373.66010602035,0.944,2279.71629329837,0.943,1855.61161820603,"box_cox",60,200
"sebart",623.30783917027,647.754383240827,482.420221481096,4.68299999999999,0.825,912.312681427509,0.747,700.883287284901,0.88,1227.06928467086,0.882,971.417678173099,0.914,1509.84433010607,0.922,1273.35517009623,"box_cox",61,200
"sebart",843.675296724273,658.099532598573,490.708969003867,4.54700000000003,0.857,923.824316344557,0.839,711.114835540984,0.913,1223.58208693852,0.922,998.919577547071,0.945,1490.15749866653,0.956,1277.02161791499,"box_cox",62,200
"sebart",1549.28953302151,703.829925168387,446.230504262184,4.64999999999986,0.844,1642.59477299431,0.798,1158.01606077693,0.922,2133.03848270173,0.897,1715.39995537997,0.958,2544.15086867325,0.95,2191.89193699482,"box_cox",63,200
"sebart",554.657702935092,597.004423649195,456.820718999797,4.66799999999989,0.872,829.49133186836,0.818,647.909823830628,0.929,1078.97421234785,0.91,905.94760544113,0.959,1299.33135474502,0.945,1138.18695327395,"box_cox",64,200
"sebart",1113.65933798556,619.286574623143,497.110846944621,4.72400000000016,0.849,1310.06105187188,0.803,867.30628496522,0.93,2012.1818225679,0.908,1381.95610618646,0.964,2691.22323911653,0.96,2075.61773852303,"box_cox",65,200
"sebart",2009.01456731786,778.173838793167,528.372932349917,4.61200000000008,0.844,2137.44939193303,0.77,1387.80047600651,0.907,2908.58766802611,0.879,2212.17190477993,0.938,3497.27988600221,0.925,2962.55039080992,"box_cox",66,200
"sebart",735.459634430595,588.246403261337,464.685618787927,4.55999999999995,0.885,1017.86333767333,0.814,757.489885734086,0.933,1377.17019789943,0.916,1085.40641438734,0.966,1731.66260849504,0.962,1439.81852865589,"box_cox",67,200
"sebart",865.281545903765,639.58239932614,505.774368748618,4.50299999999993,0.801,944.625900143652,0.697,712.672930414578,0.883,1286.12432624069,0.833,1013.36959575771,0.936,1583.59891508367,0.907,1338.7453931953,"box_cox",68,200
"sebart",752.170878452027,666.974379182491,514.5225387346,4.55600000000004,0.839,1110.41219189225,0.807,856.242436195926,0.918,1478.42005162637,0.897,1188.56518413583,0.953,1847.6929651093,0.947,1537.98106165834,"box_cox",69,200
"sebart",890.277503661647,614.999904794033,494.358562244079,4.46599999999989,0.868,762.205424027354,0.797,592.52316624612,0.938,956.563910726405,0.918,822.538857489958,0.968,1130.7225237263,0.961,1012.24129508112,"box_cox",70,200
"sebart",782.796819153618,622.834926677856,479.725224558807,4.49499999999989,0.835,804.155154590182,0.779,636.250492850118,0.901,1032.37823625595,0.897,860.561298625694,0.942,1244.31988787242,0.94,1074.85281690619,"box_cox",71,200
"sebart",1037.0866692009,667.362398314676,512.675624151997,4.51499999999987,0.859,934.906283580978,0.814,715.013471977503,0.901,1236.26109018646,0.898,1003.80614110427,0.941,1532.40647669863,0.941,1284.04401123704,"box_cox",72,200
"sebart",1090.73132205369,734.470531999561,554.853028806187,4.58699999999999,0.858,1026.25322600643,0.808,770.52028383329,0.922,1331.2329403004,0.906,1094.24877475013,0.948,1610.80951125272,0.957,1382.1393311468,"box_cox",73,200
"sebart",841.154403573494,648.027475333696,516.33867508346,4.57800000000043,0.85,842.519652796135,0.764,648.85749700741,0.907,1124.13253582241,0.895,914.194265690777,0.946,1376.86379255728,0.937,1189.09769600108,"box_cox",74,200
"sebart",846.494421749129,618.813502288146,476.51273592935,4.49699999999984,0.86,605.847478754718,0.806,472.3751927044,0.921,785.362688564114,0.917,660.680621216264,0.946,939.690799581845,0.951,830.341164744564,"box_cox",75,200
"sebart",892.782008135541,581.806019217596,455.144490368278,4.5590000000002,0.833,833.575201345371,0.778,632.989448282347,0.898,1106.20218279998,0.895,890.78232290754,0.937,1353.73776353168,0.941,1148.49384613043,"box_cox",76,200
"sebart",1746.61108117049,793.243116912688,537.484345876015,4.68499999999995,0.878,1848.06817933462,0.801,1343.73876301383,0.936,2432.74651267293,0.924,1920.35574376718,0.973,2883.33223497681,0.963,2487.82660955308,"box_cox",77,200
"sebart",685.648445423229,648.185326763456,496.269007792764,4.70100000000002,0.844,885.972360817044,0.773,709.120227305966,0.909,1207.20035687388,0.876,965.553710601085,0.944,1513.19038571891,0.925,1266.39310670471,"box_cox",78,200
"sebart",1011.5401742932,632.023609283358,497.131370008356,4.625,0.832,679.560511263422,0.762,535.700590408281,0.915,884.227067507177,0.894,740.141988957846,0.953,1070.14972378043,0.948,933.598627004066,"box_cox",79,200
"sebart",1557.45877995838,654.075190142931,543.152321350409,4.55400000000009,0.862,809.673414982794,0.793,594.123700392564,0.918,1122.26281769948,0.9,894.155652988278,0.958,1407.54113868055,0.936,1186.59729491299,"box_cox",80,200
"sebart",1709.8724820971,688.171814615942,580.141759393493,4.53999999999996,0.843,804.237793483592,0.772,625.353672163585,0.91,1041.64676808436,0.888,872.200335187568,0.944,1261.1599873838,0.938,1099.00137927774,"box_cox",81,200
"sebart",722.660332502991,646.869836351848,484.659099952518,4.49699999999984,0.864,1063.02170845803,0.813,811.014259196478,0.916,1403.99533936675,0.903,1135.61083735548,0.942,1756.19932155101,0.953,1464.9989021402,"box_cox",82,200
"sebart",1534.26769453542,754.796416988301,580.776364787773,4.51299999999992,0.828,794.601312829105,0.771,617.599428698121,0.895,1045.10052065654,0.883,866.153692755498,0.935,1273.57314167504,0.934,1102.28904118628,"box_cox",83,200
"sebart",656.330156210637,582.441600701268,446.285470748736,4.51800000000003,0.869,757.82529079034,0.816,595.302816276068,0.926,999.016205375643,0.916,829.427512561655,0.956,1199.4421696897,0.946,1051.44652835724,"box_cox",84,200
"sebart",1702.96535882937,686.871873742722,481.697138909051,4.55799999999999,0.847,996.027923374521,0.786,751.412273748787,0.914,1295.08982852627,0.894,1061.3424858826,0.943,1566.09423186227,0.938,1347.89752025899,"box_cox",85,200
"sebart",928.798194156299,536.380893003801,433.1505614162,4.51999999999998,0.807,759.100079628952,0.73,550.260108954353,0.899,1110.06204437468,0.884,825.883807024255,0.953,1373.31035225448,0.937,1157.51923386707,"box_cox",86,200
"sebart",1089.86655113344,681.496439865273,514.91146974805,4.51699999999983,0.838,1010.52389523078,0.784,761.66059859857,0.912,1360.58938063728,0.894,1083.17784868134,0.952,1675.09678500111,0.955,1420.99445291758,"box_cox",87,200
"sebart",1161.85206957744,705.14476227196,538.664296797677,4.61700000000019,0.861,1035.73025975098,0.781,783.390163141965,0.912,1381.50934612892,0.894,1104.18275321977,0.943,1746.28104404696,0.941,1437.63395822519,"box_cox",88,200
"sebart",825.739140646888,689.046210686276,519.068800664667,4.81100000000015,0.836,631.928890000115,0.773,473.764758572684,0.904,817.776047003878,0.898,693.85144640466,0.932,979.605923511992,0.936,866.174031619628,"box_cox",89,200
"sebart",973.708728521414,705.153452179552,493.922474334567,4.69899999999961,0.87,1588.24738406742,0.83,1144.50213032306,0.918,2172.0666145907,0.901,1676.78398832944,0.941,2762.49058607277,0.936,2240.58755680072,"box_cox",90,200
"sebart",976.606384690265,679.006196011384,448.179686789302,4.55200000000013,0.863,1160.5470391499,0.827,895.216565349203,0.94,1405.618385833,0.918,1218.06397935564,0.969,1676.0306199201,0.961,1450.07491282848,"box_cox",91,200
"sebart",1099.36268745761,665.238605536997,472.495613634611,4.60699999999997,0.847,1232.48936561192,0.757,855.780581506261,0.919,1597.94979164361,0.897,1294.32792873134,0.954,1910.92627935467,0.949,1648.85754408478,"box_cox",92,200
"sebart",1999.56795712253,733.439247419556,605.797565164647,4.59099999999989,0.831,807.24727046005,0.74,616.495154363792,0.911,1044.80030369826,0.873,877.141811279772,0.95,1271.32023354812,0.939,1104.73115766393,"box_cox",93,200
"sebart",1098.82136447693,614.423318988966,489.065021691046,4.71599999999989,0.866,866.530732278552,0.802,664.035597202746,0.927,1112.56774293543,0.919,936.45250575473,0.959,1330.6236775707,0.957,1168.71090324198,"box_cox",94,200
"sebart",654.051563693524,705.395089390212,498.675110140151,4.58399999999983,0.854,1150.60022641088,0.759,830.015311047665,0.914,1491.19811352467,0.894,1226.16492222007,0.942,1838.89452960374,0.94,1551.09867416383,"box_cox",95,200
"sebart",1096.59854211201,643.055560086494,529.395210832469,4.50399999999991,0.839,815.940583895859,0.777,609.616612502136,0.893,1052.69473028987,0.876,876.288919663067,0.93,1305.92619371433,0.917,1101.12105852455,"box_cox",96,200
"sebart",1106.00335254514,863.988261903477,587.121794142586,4.59699999999975,0.868,1639.68149048403,0.815,1267.79298969233,0.927,2106.74555178083,0.897,1704.24801503321,0.946,2504.08848515497,0.944,2156.68741576569,"box_cox",97,200
"sebart",817.839114965833,719.557371601227,550.17565270142,4.5659999999998,0.861,916.710236620812,0.824,725.972796197422,0.924,1178.61259462168,0.901,987.03348802716,0.957,1442.85877219667,0.953,1234.9322884263,"box_cox",98,200
"sebart",1187.08485294682,752.012561857027,555.785820841362,4.5630000000001,0.868,1007.29199506824,0.819,795.814593622663,0.931,1252.2105670215,0.915,1077.41131109505,0.97,1513.53210689676,0.959,1306.10491372389,"box_cox",99,200
"sebart",1168.98710847006,662.205761763972,523.42055177706,4.63799999999992,0.854,851.545256163436,0.807,664.875209160702,0.901,1115.89959104706,0.893,927.268138705166,0.94,1367.07019423352,0.94,1167.68027716049,"box_cox",100,200
