"Scenario","Iteration","N_train","ISE_raw_mean","ISE_raw_expected","ISE_adjusted_mean","ISE_adjusted_expected","Mu_mean","Sigma_mean"
"sigmoid",1,200,Inf,Inf,Inf,Inf,0.477021693032215,0.378401391813022
"sigmoid",2,200,Inf,Inf,Inf,Inf,0.54719843929087,0.385990853979354
"sigmoid",3,200,Inf,Inf,Inf,Inf,0.452168360503407,0.356944969660656
"sigmoid",4,200,Inf,Inf,Inf,Inf,0.285737327743813,0.340431262296108
"sigmoid",5,200,Inf,Inf,Inf,Inf,0.480020357814429,0.384570774734342
"sigmoid",6,200,Inf,Inf,Inf,Inf,0.455045859106201,0.370410949813723
"sigmoid",7,200,Inf,Inf,Inf,Inf,0.481681448259859,0.3665087356028
"sigmoid",8,200,Inf,Inf,Inf,Inf,0.537875869014051,0.422245044824254
"sigmoid",9,200,Inf,Inf,Inf,Inf,0.371059166330107,0.39780961004675
"sigmoid",10,200,Inf,Inf,Inf,Inf,0.58189593814806,0.374419058689148
"sigmoid",11,200,Inf,Inf,Inf,Inf,0.57111460747047,0.436218572490544
"sigmoid",12,200,Inf,Inf,Inf,Inf,0.498844963161536,0.351985283875357
"sigmoid",13,200,Inf,Inf,Inf,Inf,0.417831061416898,0.403391661692535
"sigmoid",14,200,Inf,Inf,Inf,Inf,0.531896131529485,0.413052956027653
"sigmoid",15,200,Inf,Inf,Inf,Inf,0.481003585802333,0.404935302516971
"sigmoid",16,200,Inf,Inf,Inf,Inf,0.374164980308562,0.356032268721376
"sigmoid",17,200,Inf,Inf,Inf,Inf,0.383402398721316,0.396312334734233
"sigmoid",18,200,Inf,Inf,Inf,Inf,0.596125720114598,0.380065801587771
"sigmoid",19,200,Inf,Inf,Inf,Inf,0.409642167442806,0.285768415680707
"sigmoid",20,200,Inf,Inf,Inf,Inf,0.533325993460753,0.395214510913892
"sigmoid",21,200,Inf,Inf,Inf,Inf,0.37183885180409,0.409808121434677
"sigmoid",22,200,Inf,Inf,Inf,Inf,0.502277685864626,0.410604146173156
"sigmoid",23,200,Inf,Inf,Inf,Inf,0.604012654072283,0.345835154145128
"sigmoid",24,200,Inf,Inf,Inf,Inf,0.340846591535234,0.38298427991012
"sigmoid",25,200,Inf,Inf,Inf,Inf,0.70882756906125,0.443697850310927
"sigmoid",26,200,Inf,Inf,Inf,Inf,0.385959797694442,0.324152041118199
"sigmoid",27,200,Inf,Inf,Inf,Inf,0.214041435672693,0.375759869856677
"sigmoid",28,200,Inf,Inf,Inf,Inf,0.521672805837175,0.381440278528144
"sigmoid",29,200,Inf,Inf,Inf,Inf,0.3765256017646,0.346055210114375
"sigmoid",30,200,Inf,Inf,Inf,Inf,0.386205872633091,0.373095122984734
"sigmoid",31,200,Inf,Inf,Inf,Inf,0.252767933431002,0.347644704521093
"sigmoid",32,200,Inf,Inf,Inf,Inf,0.452106132059641,0.38263777172058
"sigmoid",33,200,Inf,Inf,Inf,Inf,0.446476613175166,0.308887753097201
"sigmoid",34,200,Inf,Inf,Inf,Inf,0.569921177082268,0.394268477813035
"sigmoid",35,200,Inf,Inf,Inf,Inf,0.544856768403741,0.386640040967927
"sigmoid",36,200,Inf,Inf,Inf,Inf,0.537424759355047,0.3690815672084
"sigmoid",37,200,Inf,Inf,Inf,Inf,0.268303993731599,0.320377819609644
"sigmoid",38,200,Inf,Inf,Inf,Inf,0.211831297862933,0.306965377775603
"sigmoid",39,200,Inf,Inf,Inf,Inf,0.493580426935285,0.400789279816449
"sigmoid",40,200,Inf,Inf,Inf,Inf,0.461297037217126,0.392938648784097
"sigmoid",41,200,Inf,Inf,Inf,Inf,0.236721667567115,0.31830424199627
"sigmoid",42,200,Inf,Inf,Inf,Inf,0.34131909804371,0.342412780027357
"sigmoid",43,200,Inf,Inf,Inf,Inf,0.334358808296498,0.427753493598493
"sigmoid",44,200,Inf,Inf,Inf,Inf,0.636390070117674,0.375251113368648
"sigmoid",45,200,Inf,Inf,Inf,Inf,0.478506056592857,0.339831599132135
"sigmoid",46,200,Inf,Inf,Inf,Inf,0.67772289009582,0.410532827435856
"sigmoid",47,200,Inf,Inf,Inf,Inf,0.524393267543465,0.323299310629787
"sigmoid",48,200,Inf,Inf,Inf,Inf,0.338881884803717,0.35500338272798
"sigmoid",49,200,Inf,Inf,Inf,Inf,0.329701907107849,0.378025820072301
"sigmoid",50,200,Inf,Inf,Inf,Inf,0.252813452265622,0.300454982749362
"sigmoid",51,200,Inf,Inf,Inf,Inf,0.445860373091774,0.362000490839005
"sigmoid",52,200,Inf,Inf,Inf,Inf,0.501051210996473,0.415936046789863
"sigmoid",53,200,Inf,Inf,Inf,Inf,0.357056557161907,0.375044601957679
"sigmoid",54,200,Inf,Inf,Inf,Inf,0.390555751732128,0.35621237244743
"sigmoid",55,200,Inf,Inf,Inf,Inf,0.447797438464542,0.392642409322012
"sigmoid",56,200,Inf,Inf,Inf,Inf,0.235936150355985,0.422186644431634
"sigmoid",57,200,Inf,Inf,Inf,Inf,0.377074835317721,0.36589270683089
"sigmoid",58,200,Inf,Inf,Inf,Inf,0.584225786858792,0.324593590193394
"sigmoid",59,200,Inf,Inf,Inf,Inf,0.353441117612787,0.354814214666035
"sigmoid",60,200,Inf,Inf,Inf,Inf,0.524948341314255,0.408093230194054
"sigmoid",61,200,Inf,Inf,Inf,Inf,0.239392378693452,0.346795067082913
"sigmoid",62,200,Inf,Inf,Inf,Inf,0.359140764054091,0.369653627118103
"sigmoid",63,200,Inf,Inf,Inf,Inf,0.585057054691001,0.432837391814862
"sigmoid",64,200,Inf,Inf,Inf,Inf,0.402969975483915,0.39817523703836
"sigmoid",65,200,Inf,Inf,Inf,Inf,0.263075225839175,0.378193330567347
"sigmoid",66,200,Inf,Inf,Inf,Inf,0.404758852642584,0.359910671567718
"sigmoid",67,200,Inf,Inf,Inf,Inf,0.295530800064918,0.32127931421556
"sigmoid",68,200,Inf,Inf,Inf,Inf,0.30483621263774,0.316740219038119
"sigmoid",69,200,Inf,Inf,Inf,Inf,0.339943410044196,0.347118995596535
"sigmoid",70,200,Inf,Inf,Inf,Inf,0.317884243640915,0.358505378700753
"sigmoid",71,200,Inf,Inf,Inf,Inf,0.419855115131056,0.399438163258907
"sigmoid",72,200,Inf,Inf,Inf,Inf,0.429583187501149,0.351729050212518
"sigmoid",73,200,Inf,Inf,Inf,Inf,0.374678663275769,0.365533961863343
"sigmoid",74,200,Inf,Inf,Inf,Inf,0.504741423208552,0.386616211371951
"sigmoid",75,200,Inf,Inf,Inf,Inf,0.750173847511098,0.401347262843721
"sigmoid",76,200,Inf,Inf,Inf,Inf,0.419284627206008,0.377781728216127
"sigmoid",77,200,Inf,Inf,Inf,Inf,0.459804783598646,0.438344060128382
"sigmoid",78,200,Inf,Inf,Inf,Inf,0.445936625298512,0.308620057979643
"sigmoid",79,200,Inf,Inf,Inf,Inf,0.370628380130498,0.359734622144904
"sigmoid",80,200,Inf,Inf,Inf,Inf,0.380699379255539,0.340448809201639
"sigmoid",81,200,Inf,Inf,Inf,Inf,0.625635591823583,0.354641265426029
"sigmoid",82,200,Inf,Inf,Inf,Inf,0.398763582498458,0.393868150583975
"sigmoid",83,200,Inf,Inf,Inf,Inf,0.433516682892276,0.366870831111569
"sigmoid",84,200,Inf,Inf,Inf,Inf,0.568843881722975,0.432263540941827
"sigmoid",85,200,Inf,Inf,Inf,Inf,0.658712463772623,0.40713877817097
"sigmoid",86,200,Inf,Inf,Inf,Inf,0.599684730536361,0.416946259751797
"sigmoid",87,200,Inf,Inf,Inf,Inf,0.485234530901142,0.39877800204451
"sigmoid",88,200,Inf,Inf,Inf,Inf,0.252805889466419,0.384650295859873
"sigmoid",89,200,Inf,Inf,Inf,Inf,0.389609338948684,0.35627129478948
"sigmoid",90,200,Inf,Inf,Inf,Inf,0.515281997002302,0.359066270716972
"sigmoid",91,200,Inf,Inf,Inf,Inf,0.365383241715133,0.351726821438492
"sigmoid",92,200,Inf,Inf,Inf,Inf,0.291574217700259,0.388493593159751
"sigmoid",93,200,Inf,Inf,Inf,Inf,0.493694054103774,0.322327642414175
"sigmoid",94,200,Inf,Inf,Inf,Inf,0.358081007391735,0.406512578702306
"sigmoid",95,200,Inf,Inf,Inf,Inf,0.374633239977163,0.386399305249218
"sigmoid",96,200,Inf,Inf,Inf,Inf,0.385104281074,0.365359822759681
"sigmoid",97,200,Inf,Inf,Inf,Inf,0.360604601372241,0.303740159399756
"sigmoid",98,200,Inf,Inf,Inf,Inf,0.518616820056132,0.37740984980681
"sigmoid",99,200,Inf,Inf,Inf,Inf,0.797392932978352,0.370498376391796
"sigmoid",100,200,Inf,Inf,Inf,Inf,0.331672423040171,0.337836592395164
"beta",1,200,0.174818344554922,0.192051363129859,2.09923563378969,2.33045405166307,0.135399933071802,0.29195246441136
"beta",2,200,0.136752998668299,0.15376134757313,1.88470434815583,2.13246515634358,0.0573081292983406,0.272009989746317
"beta",3,200,0.186144369548805,0.204652480038083,1.61300892435223,1.78970954126863,0.119073968579239,0.343269414333822
"beta",4,200,0.179329743132162,0.194965536201868,2.79247021178159,3.06018406228566,0.0740364702484826,0.255824543824734
"beta",5,200,0.204637429614367,0.21954838454517,2.61125379354843,2.82521062531175,0.112516502986854,0.282793906271846
"beta",6,200,0.134891789029233,0.150632404396601,1.3113460977223,1.46953696801133,0.000338249967505802,0.32309223111172
"beta",7,200,0.192492839792082,0.20693649496529,1.97416356421026,2.13460520890963,0.116901465646215,0.314548742085984
"beta",8,200,0.144811123752083,0.15993781315056,2.19020218489038,2.43998814174723,0.0179492310975103,0.25992389861272
"beta",9,200,0.138414444596534,0.154739693801451,1.68192785147867,1.89813081764824,0.0364589839610831,0.290411045206061
"beta",10,200,0.240783579605749,0.257839661959208,2.46139223763307,2.65628529650051,0.31226684117788,0.315622785122595
"beta",11,200,0.173803909162547,0.189108697884863,1.96717182267411,2.15618146630662,0.0688222192007706,0.300002126714999
"beta",12,200,0.207258340841374,0.222964784049985,2.35959089365773,2.55641974095441,0.045468525173899,0.299000298838069
"beta",13,200,0.209294312645007,0.225296271576721,2.33972295962372,2.54020952929517,0.132858715070198,0.302163467515031
"beta",14,200,0.214077029346964,0.229939653768933,2.28597305452451,2.48123119523862,0.159295496926649,0.309437413970464
"beta",15,200,0.137871533838868,0.154736700364443,1.78220956579432,2.01524137458013,0.0507687847556661,0.281000291354444
"beta",16,200,0.1408058526454,0.156989853354114,1.64604699646494,1.84918000793607,0.0675631050968719,0.29525007712242
"beta",17,200,0.232075783035421,0.246286550443824,3.2828000001251,3.51478759152859,0.118087827138862,0.268555773544655
"beta",18,200,0.205532510152764,0.2206581040172,2.17741094281791,2.35345719275686,-0.0013535665791812,0.309971344294381
"beta",19,200,0.189072830521238,0.205305263213073,3.57483219633196,3.89534968786365,-0.0628114147070246,0.231421542509828
"beta",20,200,0.212782198445546,0.228445178085925,2.13327583699585,2.31019824154015,0.0655172382052857,0.318980285517427
"beta",21,200,0.145218965055379,0.162681740494121,1.4056602711906,1.58723429256556,0.00834752230648278,0.324720806179317
"beta",22,200,0.15963802567721,0.176206890377878,1.62856823798773,1.80423563380399,-0.0300003411686698,0.314947399440175
"beta",23,200,0.136624567414775,0.152405766026774,1.70821862062206,1.91275000375808,0.0479105080792135,0.284891286875825
"beta",24,200,0.167748710752656,0.182810041447187,2.22756042713476,2.44863324878827,0.0834916856744585,0.277243841375318
"beta",25,200,0.14674082974998,0.161335922604001,1.56873722941638,1.73646500950096,0.0827762647913164,0.30854001680682
"beta",26,200,0.192354684901984,0.206850649417951,3.20728956205257,3.47728180911911,0.0366619577702591,0.247520580503256
"beta",27,200,0.175858768029237,0.191574673539214,1.23679623826973,1.35283118792731,0.0642341002206189,0.379290437406075
"beta",28,200,0.211183757255804,0.226110029986424,2.36083935397862,2.54994676526026,0.110920126527604,0.302042965355522
"beta",29,200,0.156122437168015,0.172301434733306,1.30441043351645,1.44801186733959,0.0363021638751143,0.348592524563484
"beta",30,200,0.194873175180892,0.210450702656804,2.81046827442111,3.06075751625611,0.126928456525386,0.265965837046946
"beta",31,200,0.176322676071118,0.192130667546295,1.90035383615509,2.08302396193396,0.0148034573258067,0.306820161668013
"beta",32,200,0.142960405095628,0.159092435100456,2.19915839492867,2.46544813732107,-0.0188503282591406,0.257700793032004
"beta",33,200,0.150714413119696,0.166301209236691,1.52009797216921,1.68904484956621,0.07488677375042,0.317391677510621
"beta",34,200,0.158477054143529,0.17427276121703,2.01414079348407,2.22720942778519,0.0583109690890086,0.282604913956515
"beta",35,200,0.193797756984887,0.208881566232212,2.64185214409927,2.86621872567075,0.0626523070737264,0.273000778646981
"beta",36,200,0.189910952590155,0.205700324400019,2.3440617817007,2.55459693830952,0.140046857927102,0.28705014103737
"beta",37,200,0.181781567394817,0.197984506714726,2.92641584591591,3.2086174474298,0.00134992598337681,0.251562775957212
"beta",38,200,0.138501609489817,0.155400211752594,1.41142065887882,1.59198435448748,0.0660055131813717,0.315702414710802
"beta",39,200,0.180107036910802,0.197425472404856,1.66382655918482,1.83832625052513,0.0788016636680985,0.332107933665729
"beta",40,200,0.194650421727592,0.211702724777232,2.06805015989345,2.26012185395834,0.0513909235086947,0.309377927107504
"beta",41,200,0.163769673396566,0.179824762542679,2.28416358166828,2.53257209676938,-0.0755804817491427,0.270908487470974
"beta",42,200,0.130225354537422,0.145311875962616,1.35431808680926,1.52258914650549,0.0678442998776326,0.312510687479809
"beta",43,200,0.192617070830873,0.207755456682338,2.03603174238197,2.20943289423232,0.0736989714180808,0.31005734072365
"beta",44,200,0.143634739063196,0.159092411246869,1.44162367065199,1.60546125910059,0.00780815345820694,0.317927320579338
"beta",45,200,0.18199043523362,0.197950800546771,2.00783516240517,2.20052085551573,0.169559253164356,0.303718060848353
"beta",46,200,0.167725874293244,0.183786420132622,1.7544342288139,1.93293997690186,0.0786558087466469,0.311522711504524
"beta",47,200,0.200010977317336,0.215877127666629,2.93400136188227,3.19012571078332,0.193432476411944,0.263377963670287
"beta",48,200,0.150017962902147,0.165887973935124,1.35178290576603,1.50463787063309,0.113271585221104,0.335586720552233
"beta",49,200,0.169837413721841,0.184406775083368,1.77380726819008,1.93952922762676,0.095408259927395,0.311976081047616
"beta",50,200,0.188012581932354,0.2037892992168,1.53693536194266,1.67711330461637,0.123280345761216,0.352451365202882
"beta",51,200,0.215279619068054,0.230974202526094,2.39604063270601,2.5973578030163,0.177811197225661,0.303084843472174
"beta",52,200,0.133218909894297,0.149926304102893,1.22563601668496,1.38736019155871,0.0296559013297511,0.33216312569407
"beta",53,200,0.212110651451099,0.228805053433196,2.75058546035701,3.00709162901324,0.259379556379839,0.281712614252007
"beta",54,200,0.148085302189699,0.164255724867657,1.7985690663757,2.00716121037817,0.0196472790361649,0.289473640049762
"beta",55,200,0.15544100463927,0.170532629196681,2.0942247754328,2.31129642177989,0.0589047835634222,0.274457601618187
"beta",56,200,0.165213379428942,0.18128899887224,1.82814028684126,2.02309514950424,0.172904831394866,0.303177026118035
"beta",57,200,0.201973567245555,0.217112492746414,1.85626654779014,2.00673073854195,0.0402026295108869,0.332286231021779
"beta",58,200,0.185746259883545,0.201440116765822,2.55126128157017,2.7952091027794,0.128548536607705,0.272973196481668
"beta",59,200,0.165608297152219,0.18094356635884,2.23839627716878,2.46636943286923,0.0656234825132649,0.274884241499536
"beta",60,200,0.148914684882986,0.163373118125211,1.96366825700735,2.17224666154915,0.0764336885140791,0.278003073035733
"beta",61,200,0.143728247963741,0.159522540190554,1.68810762251401,1.88661235164818,0.0473586291780015,0.29421193453011
"beta",62,200,0.150603506494055,0.167504479832715,1.97411136161718,2.20550060148539,-0.115158531231228,0.278008412914925
"beta",63,200,0.165705369329977,0.179998268570663,1.80863397216488,1.97839467263125,0.0592775164091999,0.305162487422898
"beta",64,200,0.132740150735302,0.148419036337128,1.93489332301058,2.17678608727446,-0.0243587631689385,0.264055721293205
"beta",65,200,0.182460842927195,0.199614367884182,1.80026465486026,1.98420856272112,0.102583574574738,0.321250328558227
"beta",66,200,0.186943184845181,0.205642445727204,1.67792498024899,1.84811443808996,-0.123727927055674,0.33589863012418
"beta",67,200,0.196471119516013,0.211064535317955,2.46868712099265,2.67674292399345,0.136809219186825,0.284923544060238
"beta",68,200,0.200970764969663,0.215488043307272,1.88800916174827,2.04308410997759,0.17866583103017,0.329147652604181
"beta",69,200,0.145447757517862,0.160597826310402,1.46204152354488,1.62531524221175,0.129484877543842,0.317961713087463
"beta",70,200,0.152631153168354,0.166931142627776,1.49315552607767,1.64489592902618,0.0927989967605867,0.322259048340179
"beta",71,200,0.145077186197823,0.161692900165885,1.56785267893865,1.75580657985915,-0.0380785855867749,0.30632967032984
"beta",72,200,0.147460458289588,0.163814360186279,1.76856229535436,1.97795979485234,0.0981383462676115,0.291354943232276
"beta",73,200,0.20206053751952,0.218484456594258,1.98925746185507,2.1645550262785,0.0691557432866507,0.321391986381626
"beta",74,200,0.240978997833899,0.258312088569007,2.07210309045333,2.23379959667832,0.174200867582004,0.343567983630134
"beta",75,200,0.256221673847868,0.272728463004736,2.49788281773043,2.67896803691728,0.245815280430443,0.322848458871365
"beta",76,200,0.142832190313989,0.157407003931281,1.66837278868085,1.85742045792218,0.135542969096202,0.295820805000349
"beta",77,200,0.138763257768488,0.154172843803835,1.89927307026144,2.13173636007044,0.039049061711995,0.273479605062072
"beta",78,200,0.135930626571004,0.149960998363273,1.31711121820675,1.46066363195089,0.015220355195422,0.323601326072962
"beta",79,200,0.159490434267325,0.174642182893739,1.73141777343199,1.90993357302159,0.14163753285731,0.306261384553716
"beta",80,200,0.186245678720397,0.201831847396257,2.80824981183108,3.06877061168694,0.164908961074902,0.259976311035352
"beta",81,200,0.12675425790081,0.142865009422751,1.18784775452152,1.3485673627711,0.0221700653580577,0.329647996315405
"beta",82,200,0.163783414217324,0.178060464477659,1.99306058068046,2.17948643425191,0.0885288586334071,0.288754759093679
"beta",83,200,0.138834045964872,0.153816459356309,1.80997995223574,2.02209994083007,0.0916983202623427,0.279751081799224
"beta",84,200,0.155871757608959,0.170525280007649,1.64602717369997,1.81568951977332,0.110214730601214,0.31058389326909
"beta",85,200,0.173417109070742,0.188680362841355,1.57635195011411,1.72265141565071,0.0649429985448201,0.333956358841204
"beta",86,200,0.191088277731395,0.208132067038441,2.03671633930863,2.23433213122977,0.141012090446727,0.308967932621741
"beta",87,200,0.129354057492404,0.144599651528653,1.34433818774428,1.50908903586989,0.0159046989938158,0.312262083479837
"beta",88,200,0.155857020499765,0.171544305613237,1.63652415852724,1.81367800140152,0.0704892220669959,0.311158538167333
"beta",89,200,0.180161782717654,0.195511505715477,2.17464042521013,2.38030854020325,0.113313158741572,0.290705114096235
"beta",90,200,0.204386449762034,0.219512436810054,1.68683315814435,1.82513797460512,0.168581987210733,0.351043663170314
"beta",91,200,0.120847458876227,0.136722581541588,1.40578278079512,1.60066994572699,0.027618440358353,0.29549795345246
"beta",92,200,0.218970537573071,0.234125193756084,2.43551087548408,2.62080837311552,0.184495948723039,0.302162570296372
"beta",93,200,0.138501823097925,0.156026381554586,1.39436389736921,1.5770970306707,-0.0585895012061152,0.317124655598778
"beta",94,200,0.21259845448208,0.228790377363213,2.23603042553676,2.42134450734822,0.116809996552787,0.310793993916485
"beta",95,200,0.169304949706349,0.184712825332007,2.03961486951757,2.23809533349781,0.154982632835745,0.290281199738282
"beta",96,200,0.182636839464928,0.199299547893704,2.48129075182167,2.72364990339609,0.0421528304914851,0.273567139011772
"beta",97,200,0.239811247605007,0.256329505555981,2.3728538138328,2.55654725117311,0.211701909690902,0.320463250299566
"beta",98,200,0.200004698243155,0.215998287685721,2.00206484297226,2.17929704197265,0.182098591796402,0.318635177868959
"beta",99,200,0.179436734500796,0.194100380654645,2.25666831839301,2.45800742144142,-0.00345381520085992,0.284377666389078
"beta",100,200,0.196920858779664,0.213988577968727,2.71109021646071,2.95910858506748,-0.00256163368011857,0.2713950394022
"arctangent",1,200,1644.53831525431,1644.55316680252,23076.5982474882,23316.7815978646,-0.0569997976301023,0.269700261534694
"arctangent",2,200,1728.12019793921,1728.13776789296,19659.4389991495,19868.4974175918,0.0882869982292196,0.299641646959465
"arctangent",3,200,1608.09669971746,1608.11297887259,19325.8194213551,19533.6870326405,0.109879485977795,0.291579428040043
"arctangent",4,200,1505.80937508287,1505.8247255299,18764.0576423902,19015.9573078796,-0.0023582592323518,0.287012018023909
"arctangent",5,200,2050.14213247316,2050.15801537895,20275.3127074887,20510.2183532743,0.203153772204474,0.321713218727872
"arctangent",6,200,1883.51685955584,1883.53265265305,28011.1241845558,28389.4540296779,0.105881769274585,0.262744927111609
"arctangent",7,200,1523.06236849646,1523.07883714364,16923.940610322,17146.5803953134,-0.00572104318217795,0.303926668521125
"arctangent",8,200,2639.29367701992,2639.30761390805,28507.0360033154,28842.4232087206,0.106369723600901,0.307722457032896
"arctangent",9,200,1870.99857761065,1871.01376203545,24002.4650310108,24280.6353443634,0.195739240469364,0.282392677927515
"arctangent",10,200,1805.39107967098,1805.40635373377,23391.6414643175,23728.1492290035,0.114348149166623,0.281661133124736
"arctangent",11,200,1461.58293017572,1461.59724211353,13940.9986489751,14082.415137608,0.15269698190292,0.327063350762182
"arctangent",12,200,2041.26820737735,2041.28384532506,21594.4086244122,21789.7565289927,0.147160078820304,0.31020598238197
"arctangent",13,200,1711.42226279202,1711.4369071877,17713.4852375099,17907.6524403633,0.0327812682034105,0.314184625034846
"arctangent",14,200,1704.55599073021,1704.57114249862,14208.5690356763,14368.2737933103,0.143269558372824,0.350140841887802
"arctangent",15,200,2743.40603422678,2743.42305901011,43334.1491718027,43873.2900033677,-0.01817441879036,0.254763068896517
"arctangent",16,200,1948.97065827955,1948.98611943566,22505.8639236634,22772.9795952087,0.012694066295673,0.297737698201278
"arctangent",17,200,1904.26724109141,1904.28420835726,19113.8276753948,19302.0037933331,0.136804432922286,0.318716644076967
"arctangent",18,200,2708.3386773641,2708.3561336516,26981.7471109166,27353.3686830734,-0.015326742745512,0.321037943083565
"arctangent",19,200,1279.36759886395,1279.38389979546,12103.4716563801,12234.0061622035,0.0607018974935538,0.328594299342552
"arctangent",20,200,2257.05005489563,2257.0665261475,26413.4009065709,26757.1580003002,0.0378751666393653,0.296109396426379
"arctangent",21,200,1516.43175838425,1516.44776265405,15202.5798243183,15405.8684794508,0.0113004607161946,0.319958732179946
"arctangent",22,200,2119.93804269018,2119.95367596146,21273.5390027618,21509.8024933681,0.120120605306037,0.319235968153495
"arctangent",23,200,1598.80609688586,1598.82131209174,15258.778502328,15410.1684618237,0.0722789515318111,0.32683601206674
"arctangent",24,200,2499.67520456565,2499.6902502239,32512.4583036225,32907.3457887041,0.0888665640267477,0.280635750279658
"arctangent",25,200,1957.58143434552,1957.59718826545,21300.1470054199,21568.3597855581,0.174681134665738,0.30687994340037
"arctangent",26,200,2012.95704865197,2012.97492104083,21168.5692838139,21383.5292275903,0.0109505408330267,0.311499907837552
"arctangent",27,200,2009.00682641958,2009.02338201031,24194.9233915147,24443.600792063,0.081183387358395,0.291105849106362
"arctangent",28,200,1652.81712164252,1652.83166275732,18438.5662485509,18616.0217445318,0.124875241844102,0.302266951967856
"arctangent",29,200,1949.82101179165,1949.83596024858,26569.0862617471,26846.2121058433,0.0745667864455658,0.273704025832632
"arctangent",30,200,2266.05656189099,2266.07244219611,23233.8268976758,23468.6412410539,0.155706992255764,0.315584634995373
"arctangent",31,200,1575.33781894832,1575.35392042803,14863.8370274662,15031.386781192,0.0379260616199168,0.329250091541431
"arctangent",32,200,1742.09572873597,1742.11239296815,24890.38698424,25147.5510373214,0.0337463273192927,0.267258143989463
"arctangent",33,200,2284.71384898949,2284.73066920342,20735.2162107868,20957.5675894635,0.129248528276679,0.33554077999175
"arctangent",34,200,2179.6651430582,2179.6815917205,26136.3354311075,26438.8187864766,0.204938623038487,0.292171972626132
"arctangent",35,200,2061.32520486399,2061.34099029915,24072.3571739562,24262.757575287,0.0522578105144328,0.294929156070667
"arctangent",36,200,2172.32480719849,2172.33946088529,18818.0997902249,19024.3724691295,0.0808407088383032,0.343454471861697
"arctangent",37,200,1689.44580495084,1689.46134800493,16835.151992933,17021.3381814863,0.0729810734689143,0.320216529452929
"arctangent",38,200,1675.11345006977,1675.13095649159,19363.7232112108,19602.9146276714,0.116433125719053,0.297653619088098
"arctangent",39,200,1616.97700518883,1616.99323274112,17590.6767676377,17767.6854529707,0.145735707560988,0.306286689509394
"arctangent",40,200,1570.74081518989,1570.75590781855,16968.1192615459,17140.8936988017,-0.0096245061476232,0.307251712892138
"arctangent",41,200,2214.99271985278,2215.0092114152,22502.1527460431,22746.2624342095,0.17419808590143,0.317099592848805
"arctangent",42,200,1687.43319593417,1687.44858061592,19179.2149449534,19397.6792209299,0.155186840705159,0.299960818997944
"arctangent",43,200,1904.6047614218,1904.61949553249,17710.4035052767,17887.094245142,0.138055913177584,0.331182699690263
"arctangent",44,200,1870.91074213163,1870.92582637297,15923.2631050282,16084.5190258798,0.0521121750883698,0.346254176967741
"arctangent",45,200,2086.43724454745,2086.45274631141,20504.9164986772,20697.73990153,0.0989854698341852,0.321945016593187
"arctangent",46,200,2316.71327725495,2316.72994037919,30491.6233673138,30888.9704728433,-0.0527449569975569,0.279243673342583
"arctangent",47,200,2017.09290502737,2017.10844703526,23937.1055299713,24238.3724215197,0.112211877891711,0.293884236945
"arctangent",48,200,1201.66563775276,1201.68158729036,15278.870698467,15449.4890752329,-0.0202574162631562,0.283541494200605
"arctangent",49,200,2205.26619537182,2205.28209477841,22235.7268790756,22478.6366853702,0.0233215882306495,0.318388940707246
"arctangent",50,200,2188.95924970196,2188.97397508157,28544.036088973,28852.5782568124,0.106778679508424,0.279879578898983
"arctangent",51,200,1773.52385610549,1773.54058777413,23333.6542085988,23665.751672821,-0.0213614428587112,0.279520526691944
"arctangent",52,200,1554.24285456715,1554.25834174094,15744.2934332281,15919.5461032679,0.20533898039009,0.317694501290731
"arctangent",53,200,1809.03530742262,1809.05234575832,17935.0593125178,18107.8347638362,0.087099319456271,0.320674471491852
"arctangent",54,200,1878.64158533614,1878.65714506827,21648.7376987362,21852.2101085816,0.0867456786894971,0.297348205230236
"arctangent",55,200,1484.07381308848,1484.08915414727,17858.0758752436,18039.4777637943,0.111480101282287,0.291163690412424
"arctangent",56,200,1483.61714403807,1483.63265891774,16700.3409298453,16875.9189862593,0.121708230519219,0.301144310956246
"arctangent",57,200,1891.21868626167,1891.23351226611,20305.0018875419,20511.3477267128,0.107985137073873,0.308272284412442
"arctangent",58,200,2226.0933106512,2226.10933067692,28358.0247985511,28618.5894375216,0.00568836202756173,0.282728952775719
"arctangent",59,200,1212.10023443988,1212.11672290272,8830.47909521335,8907.23998633857,-0.0112720929691589,0.373672008383143
"arctangent",60,200,1435.49605683662,1435.50996891639,16595.0469794813,16758.4919889079,0.141721174547788,0.296980476088035
"arctangent",61,200,2507.67163419172,2507.68900592428,24163.1025255693,24411.7101519695,0.0062906452912475,0.325475211414146
"arctangent",62,200,1829.84333350431,1829.86025957163,30459.2316659182,30801.5908195062,-0.115548894064917,0.247858585983396
"arctangent",63,200,2597.35780952983,2597.3726338615,22781.2371452715,23024.8250577695,0.175511698880012,0.34121264707636
"arctangent",64,200,1631.00070407853,1631.01701676886,19848.6353909823,20056.3762961856,0.0432175412905971,0.289715584064773
"arctangent",65,200,1626.15926388443,1626.17482903749,25038.8162082501,25329.3909964979,0.136792831973796,0.257787451320877
"arctangent",66,200,2537.02204637461,2537.03773579907,25936.7204910541,26234.4975318557,0.0608698097193295,0.316295844370272
"arctangent",67,200,3315.12240250896,3315.13878761874,36807.5020477406,37195.5688779352,0.144072348779087,0.303256238866726
"arctangent",68,200,1389.42930937647,1389.44522973191,14274.0178898732,14432.2169829579,0.0211180077641344,0.315439243098236
"arctangent",69,200,2136.6804604408,2136.69614686069,23917.3366111841,24167.4112727972,0.0424062093479493,0.30195895979187
"arctangent",70,200,1914.98974482851,1915.00519615329,21573.8810586535,21788.0241278903,0.11353046037551,0.300883923021572
"arctangent",71,200,1558.58491491523,1558.59980209053,19647.9879136463,19898.7481800245,0.156528209006986,0.285095137757054
"arctangent",72,200,1088.46193492858,1088.47782266354,10590.2374882111,10695.1039339252,0.134642288880219,0.323719037789192
"arctangent",73,200,2082.32735777201,2082.34318550713,17976.2763300623,18171.0544187284,0.0843436554397373,0.344057442380976
"arctangent",74,200,2172.99455909533,2173.00982480369,34924.5242100052,35301.6900747668,0.0166915122788109,0.252121434612659
"arctangent",75,200,2047.85390762769,2047.86950729098,20602.1531792952,20816.7993756944,0.0687142065967819,0.318552261301237
"arctangent",76,200,2266.65243978882,2266.66789849757,30403.0090019196,30781.7227312641,0.106148546168949,0.276372148142516
"arctangent",77,200,1492.72237927986,1492.73971038813,17996.6835787823,18191.5697373692,0.103052652017779,0.291057162559127
"arctangent",78,200,3225.41222420845,3225.42890732849,33471.5493882604,33781.0512544524,-0.0331151902388146,0.313310828909407
"arctangent",79,200,1916.16515383152,1916.18227160119,23084.1528516337,23347.1257435236,0.072660771411291,0.291380463803813
"arctangent",80,200,1560.68428444918,1560.69938447425,18305.551157742,18495.2106615374,0.160081290146295,0.295014738006116
"arctangent",81,200,1520.34296869384,1520.35895068275,15666.0662876135,15815.4106534043,-0.0433212124602014,0.314474343980298
"arctangent",82,200,1233.64057216834,1233.65782319287,15611.9456255449,15785.411967189,-0.0683643217557686,0.284199272079736
"arctangent",83,200,2022.27582040538,2022.28981653042,19477.9059227044,19678.7013143526,0.0763053393995904,0.325493789906461
"arctangent",84,200,1975.33278878066,1975.34873582126,21054.81067085,21262.7399851537,0.278585712831131,0.309353187341755
"arctangent",85,200,1233.50672112327,1233.52247304988,14889.9033091945,15090.2625795914,0.00363869954509789,0.291591211681734
"arctangent",86,200,1821.83289848277,1821.84871059257,22506.9242050256,22699.597688626,0.135503182489328,0.286928887681903
"arctangent",87,200,1861.01850196818,1861.03508207851,29424.2270495585,29751.7623988678,0.0391497715211173,0.254275501536119
"arctangent",88,200,1988.91425938604,1988.9290472909,17510.0505325325,17688.7647295941,0.124669351515565,0.340389829268606
"arctangent",89,200,2353.34477860459,2353.37167101534,25097.5032818153,25398.736572435,0.148582137736636,0.309796304248934
"arctangent",90,200,2185.81888387565,2185.83595194007,19594.9739903721,19803.8984567121,0.21356646517774,0.337571000618881
"arctangent",91,200,1563.60901017929,1563.62563511189,17793.0706398902,17980.5328067231,0.181899750309989,0.299536420634771
"arctangent",92,200,1876.99517950391,1877.01239258229,15682.8205038582,15845.6766245297,0.114517045347714,0.34954826321072
"arctangent",93,200,1875.28581604553,1875.30415019016,18107.170207684,18277.9160398765,0.239943585955255,0.324840604703474
"arctangent",94,200,1652.58283575506,1652.59869079186,22003.0146112002,22252.4065991878,0.096537812057838,0.277223604791568
"arctangent",95,200,1348.43177810725,1348.44726121521,20062.3287436606,20264.2414726532,0.102531984329437,0.261805379554019
"arctangent",96,200,1526.81650941931,1526.83274183903,12499.2620144792,12621.3034550086,0.049989740635028,0.352873185634209
"arctangent",97,200,2480.95426995333,2480.97028156146,28366.2759414033,28656.1584793949,0.0191394017322735,0.298756269517071
"arctangent",98,200,2025.31781424427,2025.333940138,26984.8239204784,27363.8150997999,0.111683266572666,0.277797017464304
"arctangent",99,200,1140.48684340815,1140.50444287262,11841.1931331909,11979.1819057914,-0.139722876086223,0.31388480842792
"arctangent",100,200,1948.25500261422,1948.26979936809,26142.9140917987,26558.1294707353,0.0868596051773675,0.277282239372329
"box_cox",1,200,1732.07193456469,1732.08865890875,22346.3793702583,22613.6441376099,0.0908979074307611,0.281634028620126
"box_cox",2,200,1563.3885835916,1563.40467453341,15516.5866219923,15671.5084260159,0.129301587356751,0.320551592615404
"box_cox",3,200,1718.45737873259,1718.47359079079,16946.5936730846,17187.99728704,0.129591603445625,0.322769783935757
"box_cox",4,200,1703.49508483008,1703.51191513593,26130.0414957121,26420.3742697769,0.0272657760920465,0.258165895797841
"box_cox",5,200,1589.23519784167,1589.24996357133,22032.6380847715,22305.4685183214,0.0842200774281584,0.271946548787395
"box_cox",6,200,1492.63344742063,1492.65124924373,13240.3139190629,13389.3475507235,0.0179644595442735,0.339544724862852
"box_cox",7,200,1454.03176892574,1454.04587931051,13080.2375299954,13199.5041146638,0.0729676999764088,0.336409508201049
"box_cox",8,200,1990.38396192677,1990.40022074394,30545.7977148479,30862.3232962061,0.0650453248175453,0.257917538187463
"box_cox",9,200,1743.2369272882,1743.25278997445,17244.3772772227,17429.3850925596,0.163443595851476,0.321403276673266
"box_cox",10,200,1188.08062439975,1188.09685798034,9242.07698247356,9324.14865228544,-0.0400243727052588,0.361720996506337
"box_cox",11,200,1613.46364331113,1613.47823175411,18182.6813002459,18426.4714090825,0.0929780291444608,0.301833685238232
"box_cox",12,200,2841.94159613607,2841.95734352343,34016.5818288511,34412.7072346171,0.00501205415309519,0.292428653516574
"box_cox",13,200,2941.46622863356,2941.48203589751,34894.3114058898,35265.0746711416,0.160128526336094,0.293374062100257
"box_cox",14,200,1623.62283538315,1623.63729274408,16344.3804480173,16493.371779892,0.173414498572646,0.318047479848523
"box_cox",15,200,2343.99412673449,2344.01184288845,22732.7516106012,22987.9354452825,0.12827113997038,0.324701226085185
"box_cox",16,200,2677.47816123644,2677.49288853528,33694.6468230793,34023.706199559,0.0529803314941775,0.284591416415351
"box_cox",17,200,1186.6035421094,1186.6209356403,14080.1876803744,14269.7856280634,-0.0271235079320711,0.294231497581173
"box_cox",18,200,2201.81043324775,2201.827000179,32911.4479164906,33305.0519581044,0.121269121708617,0.261711466515021
"box_cox",19,200,1585.93009202483,1585.94730359855,22653.567894669,22974.6607010646,0.124719488499083,0.268261874194663
"box_cox",20,200,1613.1297163979,1613.14575495837,18005.7162810833,18256.8857136358,0.235101985389444,0.303528634751115
"box_cox",21,200,1706.14177169979,1706.15810860691,21767.2923630529,22017.5952451235,-0.0165253170000662,0.283136562548141
"box_cox",22,200,2745.04859428901,2745.06474330515,46244.5656089677,46758.2362235882,0.0390945172402091,0.246348119803253
"box_cox",23,200,1998.87308977089,1998.88825946131,24574.511137534,24863.3373528199,0.187454371199366,0.288577442523187
"box_cox",24,200,3117.72044565633,3117.73717084536,43789.1129279296,44343.1830199417,0.0451337708648577,0.270219435026822
"box_cox",25,200,1608.60273023812,1608.61746128233,12360.9013348612,12470.4136151001,0.015060952081073,0.363940840249131
"box_cox",26,200,1885.45662626679,1885.47171427495,20645.6914134216,20858.2912389129,0.160193529474796,0.305303450059639
"box_cox",27,200,1731.71035141432,1731.72681127565,26023.7458378915,26304.3518475494,0.114449382377415,0.260686583770101
"box_cox",28,200,2196.95441314552,2196.96938113268,19989.3836538984,20220.2150770331,0.0889466715679859,0.33524249241579
"box_cox",29,200,1956.6323551761,1956.64942972772,23734.3433095629,24009.1957914348,0.234386364183572,0.290487684248341
"box_cox",30,200,1806.6122731849,1806.62824192407,21557.0069451484,21759.6850288941,-0.0109371710653094,0.29217149695709
"box_cox",31,200,1228.50617820944,1228.52089729493,15363.4865235376,15585.7618121976,0.0243409190484582,0.286954355310462
"box_cox",32,200,1814.03879679316,1814.05489934254,25059.1724265838,25283.8974054489,0.0227111076957248,0.271493621523099
"box_cox",33,200,1602.1347207683,1602.1510159097,21266.4023602817,21467.460241255,0.154503574113492,0.277088831471405
"box_cox",34,200,2158.32201416546,2158.33665578109,22010.0036859853,22255.0873961182,0.148422121308857,0.316513342747562
"box_cox",35,200,1464.81505996016,1464.8308533891,14172.6511578163,14295.031184519,0.162920815406204,0.324276418843401
"box_cox",36,200,2564.01229197345,2564.02762150866,22813.3905073029,23008.9932599185,0.152730064802023,0.338136047640324
"box_cox",37,200,1826.63165901074,1826.64686951198,35462.187980919,35870.765931395,0.0682660113859178,0.229510667147435
"box_cox",38,200,1481.06071450873,1481.07687201503,21441.6227151249,21707.4131542144,0.126883727673799,0.266080121069148
"box_cox",39,200,2154.2840268088,2154.30038926972,28511.6956711865,28988.8380780133,-0.0554053532460981,0.279568520185656
"box_cox",40,200,2545.09579563136,2545.11076278504,27211.8146155389,27537.0983188408,0.183977588724151,0.309349267695677
"box_cox",41,200,2305.29072232725,2305.30703873615,27959.8592729149,28322.2462826083,-0.00948692575563144,0.290860890618652
"box_cox",42,200,1591.49533125648,1591.51049521664,14924.0685414333,15082.9845039231,0.0883369271924603,0.329943510836931
"box_cox",43,200,1184.15276502092,1184.1681681275,11394.7252114135,11497.555969368,-0.0101726668105773,0.325227014321247
"box_cox",44,200,1805.93034794576,1805.9461549456,19478.6665534569,19675.6710026065,0.249232924318364,0.307573618491611
"box_cox",45,200,2121.72149642357,2121.73734487792,22539.352974682,22837.1168845599,0.116743540826605,0.310904015206395
"box_cox",46,200,2016.40881893664,2016.42527223633,37608.2176872828,38067.8647781369,0.0407623368751012,0.234394267937046
"box_cox",47,200,1954.90341670365,1954.91932218613,23580.5098803043,23840.7269203669,0.0529078704522914,0.291070484659638
"box_cox",48,200,1601.80605729989,1601.82117854744,21478.4756020574,21731.65756772,0.119734447135105,0.276282455152875
"box_cox",49,200,1734.2747464639,1734.2912679894,17967.3451787428,18139.8807697849,0.0697081691259775,0.313684957348841
"box_cox",50,200,2310.28719087527,2310.30225771391,24936.5498835617,25187.7096670499,0.0828659883740844,0.307424110457771
"box_cox",51,200,1925.71492718382,1925.73057599028,18486.6041445693,18656.0519455889,0.112699187871336,0.325720537422728
"box_cox",52,200,2049.8837415233,2049.90077970321,29904.0100727101,30267.5241016039,-0.0529752371489588,0.264980342518049
"box_cox",53,200,1381.87812830642,1381.89357042557,11561.9001699148,11665.0737451644,0.190910828333566,0.348794439339722
"box_cox",54,200,2116.10332484429,2116.11756133714,31148.059148614,31475.9215695853,0.0867024090696375,0.263365565167094
"box_cox",55,200,2221.90760845364,2221.92437464424,24208.7140916537,24453.497260087,-0.107085223488273,0.305970102287926
"box_cox",56,200,2298.05413060628,2298.07195542472,23879.5166942599,24132.0676101981,-0.00705180287886405,0.313446854603988
"box_cox",57,200,2104.61288030554,2104.62873305041,20419.0991519125,20602.5998861995,0.0285665774687487,0.323937599686174
"box_cox",58,200,1588.51648599121,1588.53381363964,18088.6561022578,18298.2910604773,0.0781622212192085,0.299731421020056
"box_cox",59,200,1268.17608116774,1268.19297474499,16788.4622341657,16954.2731139904,0.0403751616958708,0.277583537887207
"box_cox",60,200,2497.00998221239,2497.02473144153,22990.9970204253,23227.3007247723,0.202226443284598,0.33295457943695
"box_cox",61,200,1549.10538492303,1549.12130452966,14575.0679523743,14725.1561522174,-0.0950115774246494,0.329347603883161
"box_cox",62,200,1607.18663586321,1607.20049670484,16537.3933508918,16702.2564975027,0.126787984692999,0.314774490669438
"box_cox",63,200,3123.69038729233,3123.70637351402,37684.2394027973,38108.0644461007,0.21327456491409,0.291128515844006
"box_cox",64,200,1717.79568119973,1717.81098123727,20289.115492784,20468.7172812939,0.0220923417980203,0.293478867984247
"box_cox",65,200,1759.54124237939,1759.55632443115,13616.6331004398,13738.3497963882,0.0346616463564812,0.362619391752785
"box_cox",66,200,1913.65485209062,1913.67023986155,22523.0410055616,22800.9274474995,0.0929307708548203,0.29503016281071
"box_cox",67,200,1582.36724084317,1582.38355999428,12441.6420210887,12557.1537654551,0.0815779359365433,0.359974774455939
"box_cox",68,200,1802.88093077896,1802.89834437996,21985.5976973076,22196.7462745003,-0.00939372488007855,0.289062254992198
"box_cox",69,200,1479.77669449545,1479.79202759911,15445.3361376668,15609.2432456561,0.154178026816707,0.312784160195018
"box_cox",70,200,1342.8113590666,1342.82817553773,13811.4144540762,13955.314765055,0.167549375923701,0.315038611491153
"box_cox",71,200,1598.58276987045,1598.59928493178,13076.5337892277,13213.9684996937,-0.0277323061653295,0.353261223739191
"box_cox",72,200,2107.49349186463,2107.50899247961,17434.5111720238,17581.6625981905,0.230409933458744,0.35056588348601
"box_cox",73,200,1924.31428793253,1924.33067183595,22138.9346002856,22378.8606230689,-0.00165120346862457,0.297877269714693
"box_cox",74,200,2093.17824905763,2093.19326609158,22233.0646989379,22444.1895100022,0.182824089221459,0.309712274363497
"box_cox",75,200,1185.32214495683,1185.33856117697,18321.5380573753,18521.4845361221,-0.0675529650728393,0.257121000146461
"box_cox",76,200,1605.90934168917,1605.9257678061,15754.5434751741,15930.997832624,0.0593917655725553,0.322743887807186
"box_cox",77,200,1964.90347972545,1964.92074637655,18278.7018823674,18532.2204414075,0.1356041800904,0.332226948875195
"box_cox",78,200,1796.73558948502,1796.75173712409,23140.1102523607,23440.752370166,0.158268400403984,0.282093609681905
"box_cox",79,200,1702.54513512663,1702.55930419118,18496.2207232428,18695.5391155221,0.0717097753637039,0.306651576666251
"box_cox",80,200,1861.2978294225,1861.31260292024,22816.4400029418,23069.2321343681,0.0588616707837258,0.288693226351615
"box_cox",81,200,1398.67360068285,1398.69032016303,11471.5317094143,11585.362562621,0.028581752553875,0.352611745113603
"box_cox",82,200,1815.24971679493,1815.26566065665,16914.3124448584,17082.7321206261,0.123683767987145,0.330863904840403
"box_cox",83,200,1974.71916296697,1974.73640250199,22030.7703405968,22262.5933537168,0.0873064290820553,0.302502282089411
"box_cox",84,200,1532.27257369342,1532.28775454013,14754.7999656331,14903.2109860151,0.104398510336906,0.32547450178042
"box_cox",85,200,2032.05816230056,2032.07452797703,25217.2507981345,25563.1783275309,0.0896400669452086,0.287742146412954
"box_cox",86,200,1438.3754725043,1438.39140032785,22393.2306607971,22651.4565146022,0.0483889801979744,0.256350394831682
"box_cox",87,200,2199.87782959747,2199.89306957789,25335.1107793487,25601.0151825105,0.0944873278352296,0.297768282074133
"box_cox",88,200,1966.95660506323,1966.97339675365,19769.3848744372,19966.7799912974,0.242716691618554,0.318570389361232
"box_cox",89,200,1464.53183520665,1464.54789180993,20085.813417618,20315.2746550386,-0.0525604154782698,0.273043537364043
"box_cox",90,200,2861.96665910242,2861.98196788071,23074.924859685,23308.8843302552,0.135346772136563,0.355763100121555
"box_cox",91,200,1798.02100767507,1798.03754112054,28423.6749235257,28770.1938659563,0.0594112086398197,0.254607294930695
"box_cox",92,200,1302.70397044014,1302.71960622519,11563.4728222945,11674.6558957315,0.017629041538513,0.338809367994076
"box_cox",93,200,1786.49068597295,1786.50770609288,17967.9601680764,18128.6591566054,-0.0618899302259884,0.318098207674977
"box_cox",94,200,1524.90577261942,1524.91996803624,14224.3797700391,14335.6076453256,0.0798346431428085,0.329974362860162
"box_cox",95,200,2429.78727310593,2429.80289384199,25569.3038610647,25883.9702029714,0.00657565396992538,0.312016407062612
"box_cox",96,200,1313.57618880639,1313.592376803,12145.3339981681,12275.1999794037,0.0595916518493165,0.332320196769266
"box_cox",97,200,1938.20316959102,1938.21948067918,19051.2076118415,19220.1279936035,0.156130560028146,0.321754857877467
"box_cox",98,200,1861.38447350162,1861.4005221472,23890.2377265636,24118.5258974336,0.0136889271676549,0.281826641979847
"box_cox",99,200,1763.12923727292,1763.14435120157,27995.1719351591,28381.5228754708,0.0578243708218158,0.254374797355337
"box_cox",100,200,1663.20550577399,1663.22137665453,15231.0979250188,15412.0342267818,0.145018443181054,0.334280886465727
