"Scenario","Iteration","N_train","Latent_Min","Latent_Max"
"sigmoid",1,150,-37.498771949274,267.502356250805
"sigmoid",2,150,-42.8029257512876,227.368989042353
"sigmoid",3,150,-36.3509399291209,259.074717940945
"sigmoid",4,150,-33.6669825482692,317.2793609285
"sigmoid",5,150,-44.1426753732459,256.825185846727
"sigmoid",6,150,-37.7754435660597,271.296773084544
"sigmoid",7,150,-39.0527044499669,322.373279874409
"sigmoid",8,150,-39.7664444636777,328.731013304478
"sigmoid",9,150,-34.0099330069408,292.9744525701
"sigmoid",10,150,-39.7723280972509,298.979132209407
"sigmoid",11,150,-33.049561152133,235.548382332173
"sigmoid",12,150,-40.6234681947362,331.030272060352
"sigmoid",13,150,-36.2081341072838,266.600394039859
"sigmoid",14,150,-39.8008631705037,243.87606140407
"sigmoid",15,150,-29.7793195515169,288.603179731563
"sigmoid",16,150,-40.662137945046,231.715529673744
"sigmoid",17,150,-41.4153395276667,310.644780141505
"sigmoid",18,150,-36.2947165338554,277.371068931772
"sigmoid",19,150,-29.42598685285,239.752358954875
"sigmoid",20,150,-44.5263498896347,336.245726584001
"sigmoid",21,150,-38.9040257318103,336.933953253978
"sigmoid",22,150,-38.3105232401965,236.806821072451
"sigmoid",23,150,-40.0135324722584,217.611917288287
"sigmoid",24,150,-37.838078415198,270.869343078518
"sigmoid",25,150,-37.6286343231434,296.640398609389
"sigmoid",26,150,-34.1471034646221,239.077752397652
"sigmoid",27,150,-43.2399805177656,258.666762147375
"sigmoid",28,150,-33.4818517522858,413.701061869351
"sigmoid",29,150,-34.9891480961193,296.194403981101
"sigmoid",30,150,-34.3727041291083,327.146732504374
"sigmoid",31,150,-36.5567035856565,418.44157450018
"sigmoid",32,150,-34.8136001871571,290.305314628321
"sigmoid",33,150,-57.0470854475007,237.05476531296
"sigmoid",34,150,-34.8714289194117,417.511205354964
"sigmoid",35,150,-37.5233179607175,322.424882686587
"sigmoid",36,150,-31.3196630363467,268.442069338673
"sigmoid",37,150,-34.7997951930681,236.84574856031
"sigmoid",38,150,-40.9544811300918,303.012260796637
"sigmoid",39,150,-34.3149966818647,223.256330239913
"sigmoid",40,150,-37.7418624824596,259.191669169256
"sigmoid",41,150,-47.251063410409,281.095572219681
"sigmoid",42,150,-33.6814572634926,300.423793490937
"sigmoid",43,150,-48.5300853221591,302.614244035868
"sigmoid",44,150,-32.8921803084987,255.163763199671
"sigmoid",45,150,-33.0558488104189,298.02391148186
"sigmoid",46,150,-37.7082936731131,289.677792111597
"sigmoid",47,150,-43.4050140415665,222.5193851817
"sigmoid",48,150,-35.3736230924159,232.478876271006
"sigmoid",49,150,-32.5430980180985,407.167103212987
"sigmoid",50,150,-32.98385641522,279.790760620857
"sigmoid",51,150,-37.1331528945952,247.418810425252
"sigmoid",52,150,-47.3791282132307,254.933794004766
"sigmoid",53,150,-34.8165033919366,343.782035913376
"sigmoid",54,150,-39.8726344517115,274.084513091806
"sigmoid",55,150,-28.6157307040191,394.493832391698
"sigmoid",56,150,-47.980121456364,324.887464505661
"sigmoid",57,150,-37.3638417771602,230.080414105284
"sigmoid",58,150,-36.9979926179923,308.923389734406
"sigmoid",59,150,-38.9323278752837,268.802056069636
"sigmoid",60,150,-38.4502959314724,259.080826623398
"sigmoid",61,150,-35.9459009413519,261.536698680704
"sigmoid",62,150,-38.5098690238564,275.962649252095
"sigmoid",63,150,-30.9624200106588,281.242959426006
"sigmoid",64,150,-26.3531149455604,217.83524851425
"sigmoid",65,150,-36.9805211906742,339.935404646738
"sigmoid",66,150,-38.4791025225719,461.666387943275
"sigmoid",67,150,-54.4387434771837,249.957699049307
"sigmoid",68,150,-41.1255020928239,277.689030790801
"sigmoid",69,150,-36.0359853249515,247.870422294676
"sigmoid",70,150,-43.7003440743802,272.825862881171
"sigmoid",71,150,-39.1051727604545,240.719262340516
"sigmoid",72,150,-35.5405491992863,265.746128650828
"sigmoid",73,150,-33.8256945937701,277.275731721128
"sigmoid",74,150,-30.4013209355461,256.592033751756
"sigmoid",75,150,-40.0186065493442,209.213471767864
"sigmoid",76,150,-37.2600181958255,437.54795769181
"sigmoid",77,150,-36.7082913461386,280.15986117287
"sigmoid",78,150,-37.9339654693436,227.48327182779
"sigmoid",79,150,-38.0438178062999,295.352689213836
"sigmoid",80,150,-34.5536840432733,269.406723413523
"sigmoid",81,150,-45.8094145344412,276.012954590726
"sigmoid",82,150,-36.1452529767389,294.543442937217
"sigmoid",83,150,-34.1373145455678,324.745563644044
"sigmoid",84,150,-32.6600234746518,333.661063384499
"sigmoid",85,150,-40.4669424240315,306.383209159378
"sigmoid",86,150,-38.2888873039959,302.037034815746
"sigmoid",87,150,-44.7761765632101,233.918400455177
"sigmoid",88,150,-41.1634346720471,231.421497200743
"sigmoid",89,150,-34.1726729957,241.839917357122
"sigmoid",90,150,-39.8458570491286,278.832381483662
"sigmoid",91,150,-40.7763641582723,274.309213898258
"sigmoid",92,150,-33.4703438115292,251.22284417207
"sigmoid",93,150,-35.0217815059245,267.270292547589
"sigmoid",94,150,-39.1703357337465,312.875982898555
"sigmoid",95,150,-35.7611905411161,309.349857299939
"sigmoid",96,150,-38.4450222648376,383.162157265888
"sigmoid",97,150,-60.4150013187575,354.266676258468
"sigmoid",98,150,-30.3899465820711,227.431574466827
"sigmoid",99,150,-34.3558182028736,265.647460710806
"sigmoid",100,150,-34.5282675019494,343.694689300212
"beta",1,150,-42.8019403639353,237.562641582488
"beta",2,150,-32.4303559821297,289.606887274408
"beta",3,150,-33.5887817707217,331.222112668572
"beta",4,150,-43.799722949379,225.803934715588
"beta",5,150,-31.5129737134411,316.4049494122
"beta",6,150,-31.5773148260747,267.908975914079
"beta",7,150,-39.8386837853687,248.530656337793
"beta",8,150,-39.772511570296,327.591731180136
"beta",9,150,-30.0903723764441,252.46617600941
"beta",10,150,-32.5223807627806,276.975320789123
"beta",11,150,-39.9457362410352,263.862174823237
"beta",12,150,-39.4473453384128,256.222165962554
"beta",13,150,-33.9245715070384,434.575363015416
"beta",14,150,-39.6359397669266,378.44152370302
"beta",15,150,-35.2485044981833,240.413638832763
"beta",16,150,-41.6789701638691,278.342622227682
"beta",17,150,-40.9295281319933,366.369740982303
"beta",18,150,-32.1873013148174,318.205446093493
"beta",19,150,-36.8721281129206,274.819958266906
"beta",20,150,-35.5465497965992,294.70171581583
"beta",21,150,-30.2421319040316,277.346495529262
"beta",22,150,-33.3218863566711,295.898451258735
"beta",23,150,-41.1843462205656,383.968347961305
"beta",24,150,-30.8878796312879,402.02091005393
"beta",25,150,-41.8328026805915,255.590980395298
"beta",26,150,-38.9855328580493,290.646491143309
"beta",27,150,-38.2165743142014,278.070378025631
"beta",28,150,-30.8998298554151,242.62378134149
"beta",29,150,-37.9846406422301,274.941968192353
"beta",30,150,-37.0989608651462,226.245029182625
"beta",31,150,-37.8105677862656,315.472704490942
"beta",32,150,-33.1805931249348,239.821850648709
"beta",33,150,-39.7596633472782,244.382117819851
"beta",34,150,-36.2533454642986,279.879264612037
"beta",35,150,-42.9093980266082,230.339260685245
"beta",36,150,-39.0635721861805,249.383462857524
"beta",37,150,-34.9503297229573,253.776527702412
"beta",38,150,-33.9131536004246,239.441029608308
"beta",39,150,-37.8205635865074,279.181161561075
"beta",40,150,-32.292339239689,224.618409615978
"beta",41,150,-30.0624575520863,240.68381561541
"beta",42,150,-30.9074697399751,307.111811340124
"beta",43,150,-35.2844974143298,337.572104970794
"beta",44,150,-38.39852098328,226.560140496603
"beta",45,150,-43.8282495764069,361.119187888385
"beta",46,150,-41.5010308665682,330.378162885327
"beta",47,150,-36.2928866937437,298.765221729849
"beta",48,150,-28.9972373013284,292.217749013144
"beta",49,150,-34.4357947230679,260.678406057364
"beta",50,150,-33.0736473727577,284.677855096438
"beta",51,150,-33.7338226953415,373.87316493936
"beta",52,150,-38.1042610876528,282.471589121093
"beta",53,150,-37.4119333570417,359.238949352871
"beta",54,150,-44.1287043679965,275.653140480185
"beta",55,150,-34.39373575996,266.73174358717
"beta",56,150,-32.9293130163697,309.474913893067
"beta",57,150,-34.281509978325,378.263914153108
"beta",58,150,-35.0571514913996,320.240487922258
"beta",59,150,-40.4220773815813,279.719189671565
"beta",60,150,-40.3343412053125,257.041892629312
"beta",61,150,-38.1125844693687,216.050022036237
"beta",62,150,-46.4910483265612,327.162709292495
"beta",63,150,-31.4988277028076,242.733970327287
"beta",64,150,-35.6266513675538,215.284368151462
"beta",65,150,-32.3434685261073,249.379009852803
"beta",66,150,-36.8822579253717,255.151801774779
"beta",67,150,-34.6167600087235,303.017085883213
"beta",68,150,-35.1381982937251,355.775327281779
"beta",69,150,-37.2238510158118,227.322348431524
"beta",70,150,-45.3188245344323,271.13407886187
"beta",71,150,-33.4517087124849,242.924529703603
"beta",72,150,-33.5500257022978,233.04764719396
"beta",73,150,-33.3636077244892,245.489318434452
"beta",74,150,-34.039245524327,332.681216790867
"beta",75,150,-35.2271942009839,295.803740774355
"beta",76,150,-35.7970236740663,202.081868450397
"beta",77,150,-27.4244401919553,242.749884661082
"beta",78,150,-44.6207047479738,365.794300296144
"beta",79,150,-48.9602040440763,283.822576163092
"beta",80,150,-32.1370819950306,312.93993905557
"beta",81,150,-35.3441373751416,225.664204488288
"beta",82,150,-38.1123303359987,357.572290540462
"beta",83,150,-35.2842825515023,254.170368463692
"beta",84,150,-38.5042426299135,289.006376189364
"beta",85,150,-42.1591798924411,221.338193657166
"beta",86,150,-39.0911334148898,203.448487235188
"beta",87,150,-28.3504051938456,264.95275751435
"beta",88,150,-35.0745983691606,232.316651061122
"beta",89,150,-34.7237008920245,237.333087590673
"beta",90,150,-49.9121486895406,284.837924775386
"beta",91,150,-39.5119317343304,284.957469054377
"beta",92,150,-38.0725986914096,445.827967285233
"beta",93,150,-39.4907561156591,272.808514924478
"beta",94,150,-39.1906025916083,240.260809007851
"beta",95,150,-31.5743419173656,369.417783352134
"beta",96,150,-43.2234472589203,278.198522789717
"beta",97,150,-41.2104907830894,269.832530994217
"beta",98,150,-38.8291139491403,240.789699493975
"beta",99,150,-35.200633824679,334.201466108231
"beta",100,150,-38.1959568669044,316.445614012257
"arctangent",1,150,-36.3389336530542,379.251039492537
"arctangent",2,150,-45.0183601802556,309.142595769703
"arctangent",3,150,-35.2213367500757,300.830836793627
"arctangent",4,150,-40.3160020687426,342.476863773345
"arctangent",5,150,-39.0179294098503,400.083928115727
"arctangent",6,150,-33.2568822884867,354.476501615786
"arctangent",7,150,-38.3165794333152,321.635080932543
"arctangent",8,150,-40.8052009352668,315.174067476221
"arctangent",9,150,-28.9378588599739,265.105126731277
"arctangent",10,150,-37.56035162506,226.343653186983
"arctangent",11,150,-50.0996138656835,244.185813711634
"arctangent",12,150,-38.7483779395255,200.520336285393
"arctangent",13,150,-29.9878136940366,258.320816875151
"arctangent",14,150,-37.1549943557522,276.94529422828
"arctangent",15,150,-39.8801700117908,324.417533766054
"arctangent",16,150,-33.1497601266206,218.910702442096
"arctangent",17,150,-38.7103849016675,194.837413241428
"arctangent",18,150,-41.5762599546527,243.831758439691
"arctangent",19,150,-33.1260290662508,434.467826124089
"arctangent",20,150,-38.6071867808473,282.235491226532
"arctangent",21,150,-48.7299400262418,241.734102380929
"arctangent",22,150,-40.2388432572517,242.460380405031
"arctangent",23,150,-36.647375325348,280.958246770183
"arctangent",24,150,-30.7474016645528,283.024168745721
"arctangent",25,150,-38.0954169338225,292.413208975152
"arctangent",26,150,-33.9736483188265,258.219767424167
"arctangent",27,150,-35.1901475419509,317.256626289592
"arctangent",28,150,-32.2498088987709,388.16294067856
"arctangent",29,150,-35.9404091775773,235.954186066331
"arctangent",30,150,-33.5976030506,330.992068589741
"arctangent",31,150,-34.4137592418924,236.142368737202
"arctangent",32,150,-36.3510228840407,312.541811683769
"arctangent",33,150,-34.9581324784597,307.397306245885
"arctangent",34,150,-33.8513620687289,474.818561011736
"arctangent",35,150,-40.1700823837531,318.077153587556
"arctangent",36,150,-33.2545615150888,328.947601239077
"arctangent",37,150,-31.1028978227347,267.494082275453
"arctangent",38,150,-41.6526447651894,281.670948033477
"arctangent",39,150,-31.8615124943469,247.962975903676
"arctangent",40,150,-37.5835235369267,290.753173489802
"arctangent",41,150,-34.6731481749492,273.315067079107
"arctangent",42,150,-33.4380141613512,246.271260757603
"arctangent",43,150,-34.489774794008,267.440331515983
"arctangent",44,150,-28.3757210796588,347.698712500326
"arctangent",45,150,-36.8721216650903,249.871710278405
"arctangent",46,150,-37.5012858850027,315.547090810463
"arctangent",47,150,-38.366373617003,268.226631179292
"arctangent",48,150,-34.1565244152647,242.780518488338
"arctangent",49,150,-37.5908297050132,321.17017967677
"arctangent",50,150,-31.119661587742,226.821754615986
"arctangent",51,150,-44.4150414949645,254.919012161999
"arctangent",52,150,-40.9089837520288,209.259594013427
"arctangent",53,150,-24.5641695811069,310.439084586941
"arctangent",54,150,-29.7966207388302,285.280162881402
"arctangent",55,150,-38.2678955387036,221.578194879675
"arctangent",56,150,-43.6787595088605,272.288067358495
"arctangent",57,150,-33.934364661153,298.732044862643
"arctangent",58,150,-42.1786740185343,223.279272899885
"arctangent",59,150,-32.1437511565518,287.714799105543
"arctangent",60,150,-34.1593056274133,369.811399239844
"arctangent",61,150,-41.10661404165,303.496160465895
"arctangent",62,150,-31.2532795525044,228.43916970709
"arctangent",63,150,-44.0380060755579,231.296001643235
"arctangent",64,150,-40.1609480858018,274.091514991992
"arctangent",65,150,-50.3169280820358,270.122712682605
"arctangent",66,150,-36.4514355927749,325.640149565989
"arctangent",67,150,-36.931613043041,410.873751204591
"arctangent",68,150,-36.0403063064476,308.223782094343
"arctangent",69,150,-38.3112622172081,258.605334427839
"arctangent",70,150,-39.2702227452947,278.562212533023
"arctangent",71,150,-32.3470500809073,327.203541757185
"arctangent",72,150,-29.973974141758,325.367068426868
"arctangent",73,150,-41.0455314884833,268.992119437775
"arctangent",74,150,-34.8405974392831,278.189094195871
"arctangent",75,150,-36.0620878720731,239.0575043644
"arctangent",76,150,-40.2683604004374,283.090976208578
"arctangent",77,150,-34.2669301376763,205.801346221055
"arctangent",78,150,-36.4755185432946,240.300255413141
"arctangent",79,150,-39.7236811050516,221.520042367756
"arctangent",80,150,-34.6100459273556,281.884389438274
"arctangent",81,150,-34.5600134051014,226.914134005542
"arctangent",82,150,-32.1655308811903,236.263365457743
"arctangent",83,150,-37.8935291680378,277.954794277419
"arctangent",84,150,-34.6475953090627,235.968306897367
"arctangent",85,150,-37.1173420716138,234.976108676163
"arctangent",86,150,-37.0380488713744,243.644231496816
"arctangent",87,150,-39.4720448031201,275.739112542146
"arctangent",88,150,-35.5857420281205,215.301214291864
"arctangent",89,150,-36.6429290032353,298.687421910876
"arctangent",90,150,-33.4870082194869,241.469169235821
"arctangent",91,150,-32.2210279675645,256.281487567448
"arctangent",92,150,-37.4561637495497,316.271550188185
"arctangent",93,150,-33.3098715613955,291.797089975824
"arctangent",94,150,-38.9698405770306,327.093863039235
"arctangent",95,150,-30.7982436770575,243.715143068154
"arctangent",96,150,-37.7651916865308,298.413783517442
"arctangent",97,150,-35.6426146030875,273.395939530808
"arctangent",98,150,-35.9231798920038,322.205714995105
"arctangent",99,150,-39.4505449497994,363.48890940765
"arctangent",100,150,-40.9904166636234,314.896656273992
"box_cox",1,150,-31.5787083084865,347.039346424795
"box_cox",2,150,-35.7064487609302,291.06077342167
"box_cox",3,150,-31.7817329798238,337.801253981605
"box_cox",4,150,-34.928459333188,394.944678843957
"box_cox",5,150,-41.0343801807694,316.12485518411
"box_cox",6,150,-38.2963952466497,271.878582359563
"box_cox",7,150,-47.3886553553162,196.401462243777
"box_cox",8,150,-36.1406462287776,247.916322158643
"box_cox",9,150,-44.8618760624248,329.121277085668
"box_cox",10,150,-39.5350694313147,326.242398855348
"box_cox",11,150,-30.222185141028,298.673892029712
"box_cox",12,150,-33.5173281914609,550.126777350727
"box_cox",13,150,-39.9273159889716,450.09122290418
"box_cox",14,150,-33.2788303339343,330.223409240398
"box_cox",15,150,-39.7335812025738,314.909145812017
"box_cox",16,150,-37.2283548255686,366.32990791638
"box_cox",17,150,-33.3486711414455,214.036552512728
"box_cox",18,150,-33.051334190292,231.399995246917
"box_cox",19,150,-31.8152720066325,338.31663867709
"box_cox",20,150,-36.9307146698414,394.045278299291
"box_cox",21,150,-33.302727575224,371.174970069162
"box_cox",22,150,-33.6935874432637,241.510683405441
"box_cox",23,150,-35.6647480261623,267.153582171152
"box_cox",24,150,-42.314378473962,215.226060860995
"box_cox",25,150,-31.3561463958862,281.986413686555
"box_cox",26,150,-36.0151673606496,265.98886798669
"box_cox",27,150,-35.7020077948498,289.311856446421
"box_cox",28,150,-37.2192229272533,236.34044129565
"box_cox",29,150,-33.357019774878,285.539227993808
"box_cox",30,150,-31.5978817341645,311.820966809848
"box_cox",31,150,-34.3536907562731,319.842567650193
"box_cox",32,150,-34.076221136723,228.783711041909
"box_cox",33,150,-32.7429006317418,290.63676647553
"box_cox",34,150,-30.1159321873944,266.739215349625
"box_cox",35,150,-37.5981155733507,272.594480957535
"box_cox",36,150,-40.007427824267,294.517402634401
"box_cox",37,150,-36.0130800093924,283.65279946941
"box_cox",38,150,-31.2534080049349,311.182097306042
"box_cox",39,150,-39.3233595535902,261.69513799032
"box_cox",40,150,-37.0159367591218,261.853670265817
"box_cox",41,150,-33.7689995500865,288.134431133509
"box_cox",42,150,-36.1591596610877,251.404414944817
"box_cox",43,150,-35.4260300990516,308.512115761417
"box_cox",44,150,-34.4058887444426,269.331079674808
"box_cox",45,150,-38.6311840260609,239.603685676572
"box_cox",46,150,-45.5088629732046,391.37095833805
"box_cox",47,150,-32.7793907891517,265.391205659542
"box_cox",48,150,-25.8123117119518,345.095458706491
"box_cox",49,150,-34.7524352337052,229.179371767521
"box_cox",50,150,-33.8224849465827,255.524570085553
"box_cox",51,150,-33.952345108092,315.376341044488
"box_cox",52,150,-43.2828499793437,300.070888971132
"box_cox",53,150,-44.7745095695833,321.054391089447
"box_cox",54,150,-35.6618298622083,268.953545645722
"box_cox",55,150,-32.4043840571039,258.946079833654
"box_cox",56,150,-43.0855557834142,236.88800591108
"box_cox",57,150,-36.4281226258063,348.380789054304
"box_cox",58,150,-38.4065946744727,363.804670965848
"box_cox",59,150,-28.0614564838014,237.928774640253
"box_cox",60,150,-41.6393848649022,303.188740659306
"box_cox",61,150,-33.5837971391765,259.427053940839
"box_cox",62,150,-39.4705167471986,274.080326391208
"box_cox",63,150,-41.3383559816288,326.315944308923
"box_cox",64,150,-35.8027380217559,275.131186372157
"box_cox",65,150,-35.961020407596,236.13407208101
"box_cox",66,150,-45.9098459832063,287.203374170193
"box_cox",67,150,-37.8382361827647,304.841670606908
"box_cox",68,150,-35.7236140749577,305.327187705012
"box_cox",69,150,-34.4026897884867,231.355336048254
"box_cox",70,150,-28.0119710832291,316.829183834751
"box_cox",71,150,-33.0715235916919,309.501745558258
"box_cox",72,150,-36.3584121459075,236.815648962421
"box_cox",73,150,-40.7353273552412,301.314345127704
"box_cox",74,150,-39.5116700017293,247.816314665754
"box_cox",75,150,-40.2132398012795,295.441197086475
"box_cox",76,150,-30.5889399715317,328.224697288137
"box_cox",77,150,-31.713312725096,374.230910550611
"box_cox",78,150,-34.2859501875136,261.383856529309
"box_cox",79,150,-31.4530673787732,322.332911917665
"box_cox",80,150,-46.5676019887784,367.920598836193
"box_cox",81,150,-34.0547168456659,330.75228712319
"box_cox",82,150,-33.6559114816877,222.510185717673
"box_cox",83,150,-33.1159812540627,468.785843742315
"box_cox",84,150,-36.3440136773711,214.934944175146
"box_cox",85,150,-39.8811262312277,268.462569034607
"box_cox",86,150,-35.6490803800685,251.333899629892
"box_cox",87,150,-34.939935578702,355.080174572037
"box_cox",88,150,-32.1095688399778,351.847302428608
"box_cox",89,150,-35.131009879846,276.121944362438
"box_cox",90,150,-39.9189569347604,377.583676849229
"box_cox",91,150,-33.9940761327654,265.976075343644
"box_cox",92,150,-32.0470354933862,304.103046721921
"box_cox",93,150,-47.9736500367496,454.461065257397
"box_cox",94,150,-34.8913834052495,377.426230607672
"box_cox",95,150,-32.2482640805012,208.790896100986
"box_cox",96,150,-33.2528864581367,298.407713417602
"box_cox",97,150,-33.3632023740296,253.751347693708
"box_cox",98,150,-36.3732452477918,344.155334676678
"box_cox",99,150,-37.6191176633185,245.200833911515
"box_cox",100,150,-46.1492729559061,298.511885774462
"sigmoid",1,200,-34.2272658220284,282.878253121974
"sigmoid",2,200,-33.0001333716784,235.334176235703
"sigmoid",3,200,-29.3838971282371,402.83262374348
"sigmoid",4,200,-33.5399491337458,354.759014198595
"sigmoid",5,200,-35.0102005878278,276.134309043977
"sigmoid",6,200,-39.8534942782369,464.090061236341
"sigmoid",7,200,-35.2262263122172,239.869253158851
"sigmoid",8,200,-38.3422899652224,226.054056662063
"sigmoid",9,200,-32.8069077447172,241.763442490464
"sigmoid",10,200,-37.3175116362227,234.131731926249
"sigmoid",11,200,-44.7883102998548,250.896687392288
"sigmoid",12,200,-38.3352025555532,307.075814964449
"sigmoid",13,200,-42.5161957232342,238.20875337748
"sigmoid",14,200,-40.2308030058076,234.877099947633
"sigmoid",15,200,-42.0453510890156,307.890678119581
"sigmoid",16,200,-37.0092851492531,267.213383455381
"sigmoid",17,200,-42.0483927724589,269.607678904406
"sigmoid",18,200,-29.544586191572,302.042921148103
"sigmoid",19,200,-40.238132237182,271.450511867101
"sigmoid",20,200,-31.0147794425649,257.560221904048
"sigmoid",21,200,-31.2986118917648,256.354779993676
"sigmoid",22,200,-38.939969453644,256.067298955081
"sigmoid",23,200,-32.992588226971,287.900094805368
"sigmoid",24,200,-39.0295011767168,237.567552727195
"sigmoid",25,200,-45.2600686889187,302.411845273844
"sigmoid",26,200,-31.1007744188757,319.150976095398
"sigmoid",27,200,-32.8077460704519,288.665024098841
"sigmoid",28,200,-33.369169421729,303.371838621042
"sigmoid",29,200,-37.0505468302131,307.464651154371
"sigmoid",30,200,-35.8126005946608,288.309665278306
"sigmoid",31,200,-38.8443013766143,322.592833391491
"sigmoid",32,200,-40.6316280589079,283.063063369062
"sigmoid",33,200,-32.2539363406612,281.98966866414
"sigmoid",34,200,-44.1833850980577,311.903628908159
"sigmoid",35,200,-47.1911814818244,219.825678516274
"sigmoid",36,200,-39.706507352889,295.543913111682
"sigmoid",37,200,-41.452599318054,258.693378419188
"sigmoid",38,200,-34.2698883618522,237.495100970163
"sigmoid",39,200,-37.5405310069419,305.174011654897
"sigmoid",40,200,-36.9014711459421,219.726260237707
"sigmoid",41,200,-33.2268817492179,269.801945963901
"sigmoid",42,200,-32.9741054357204,235.704953742148
"sigmoid",43,200,-33.0899025050171,243.461207321671
"sigmoid",44,200,-33.4620433688493,375.959473912344
"sigmoid",45,200,-30.2948896102019,330.997063403976
"sigmoid",46,200,-32.6482757401031,297.060389566189
"sigmoid",47,200,-43.4360440198955,248.881301809594
"sigmoid",48,200,-35.8037207588615,256.423341278252
"sigmoid",49,200,-36.9065963183718,246.004391556227
"sigmoid",50,200,-38.7835601340847,440.669076143189
"sigmoid",51,200,-35.1793771320202,218.314778618645
"sigmoid",52,200,-31.5933688087448,224.2896819221
"sigmoid",53,200,-32.5744729018768,262.235359965819
"sigmoid",54,200,-35.1379436644952,309.190458982569
"sigmoid",55,200,-40.0426698397091,309.724458898581
"sigmoid",56,200,-43.0800906071167,211.918946214051
"sigmoid",57,200,-33.2470880291673,247.500321850454
"sigmoid",58,200,-31.893479730312,281.37716979833
"sigmoid",59,200,-31.8443188885797,388.255216820571
"sigmoid",60,200,-33.3270295767702,222.956920848214
"sigmoid",61,200,-40.4447271645622,228.221235291837
"sigmoid",62,200,-37.0507360207987,248.697690438089
"sigmoid",63,200,-53.0223451437245,258.630730553547
"sigmoid",64,200,-41.0665895519714,255.495604388553
"sigmoid",65,200,-44.4355505390621,315.941145787807
"sigmoid",66,200,-34.1283585667702,484.858134173042
"sigmoid",67,200,-29.5068020487969,371.962431333438
"sigmoid",68,200,-38.7223365086469,221.822437551674
"sigmoid",69,200,-32.4411325976024,297.617545831506
"sigmoid",70,200,-37.2740224977705,390.587122804043
"sigmoid",71,200,-37.9155736289419,264.27588690337
"sigmoid",72,200,-31.5686759034575,230.06843427459
"sigmoid",73,200,-30.2281799721386,274.771339507738
"sigmoid",74,200,-38.661786662654,264.675291410824
"sigmoid",75,200,-39.943922281003,245.543497644986
"sigmoid",76,200,-28.3569949239509,229.348244137929
"sigmoid",77,200,-32.8230570079189,418.061007742557
"sigmoid",78,200,-36.7391515819632,326.629517529747
"sigmoid",79,200,-47.2433653952946,312.957905524804
"sigmoid",80,200,-40.9517375099819,230.082493738838
"sigmoid",81,200,-43.3538841172017,420.81501083362
"sigmoid",82,200,-39.8129036992527,389.218169940784
"sigmoid",83,200,-32.2242896384046,236.382961502888
"sigmoid",84,200,-38.3128724735909,524.595742539289
"sigmoid",85,200,-33.5668595684927,263.390629892333
"sigmoid",86,200,-31.6551873809745,248.417646610765
"sigmoid",87,200,-29.9277683669431,286.419901135181
"sigmoid",88,200,-34.609123128216,268.989421015852
"sigmoid",89,200,-30.7116955247971,361.64763123201
"sigmoid",90,200,-31.1961659308484,214.639018364768
"sigmoid",91,200,-36.4953794503444,280.606150443751
"sigmoid",92,200,-42.6952763108193,288.359476951391
"sigmoid",93,200,-37.0969971284276,240.114112859607
"sigmoid",94,200,-32.8721457534461,323.029769569503
"sigmoid",95,200,-42.1383039504198,287.927230691761
"sigmoid",96,200,-38.560027268965,331.412048302293
"sigmoid",97,200,-41.0962675408005,252.03673288018
"sigmoid",98,200,-40.9170719897265,407.125378568943
"sigmoid",99,200,-37.8815656750095,294.1405794987
"sigmoid",100,200,-35.1250048144748,234.664927079131
"beta",1,200,-35.7131525295078,322.46397342087
"beta",2,200,-38.5331399003307,283.02134697938
"beta",3,200,-39.0013521386903,237.274890069617
"beta",4,200,-38.9889228886134,261.160778534766
"beta",5,200,-29.1826808837083,263.551771984061
"beta",6,200,-38.4044180068444,227.971457498575
"beta",7,200,-34.3860730377191,338.833934623033
"beta",8,200,-40.6676354214972,292.561301027032
"beta",9,200,-40.3338135777215,263.482769534719
"beta",10,200,-34.9806451160328,210.85572238533
"beta",11,200,-39.5078244370921,226.875602760958
"beta",12,200,-36.8060096759241,276.356999875747
"beta",13,200,-34.8279009201148,331.38009710233
"beta",14,200,-28.4837087991,271.787512117185
"beta",15,200,-37.1676451846714,256.185022450225
"beta",16,200,-32.4434630372849,261.899838363664
"beta",17,200,-35.4163680297594,329.261512441282
"beta",18,200,-36.1440854733844,257.392166081385
"beta",19,200,-34.7802494051128,277.45192787628
"beta",20,200,-33.6329488396783,258.512816933896
"beta",21,200,-32.9015780235661,295.929172110725
"beta",22,200,-30.8312425235382,218.453355404684
"beta",23,200,-38.3357889288272,264.79251957611
"beta",24,200,-34.0868982054018,285.503664211251
"beta",25,200,-39.1036120262046,328.53975553572
"beta",26,200,-38.0287515574272,326.373264275841
"beta",27,200,-37.4366156826639,272.699999605176
"beta",28,200,-37.9426506532037,312.767603853428
"beta",29,200,-32.1271600466557,251.909201084965
"beta",30,200,-39.3355159737285,318.912875846962
"beta",31,200,-34.5120667317841,337.67419184067
"beta",32,200,-34.0532375185044,249.334042580977
"beta",33,200,-34.9071718412354,272.497475831471
"beta",34,200,-36.7624570758434,259.125313172464
"beta",35,200,-36.8794715108294,336.633753935162
"beta",36,200,-45.87670647141,305.113778884711
"beta",37,200,-34.4107086573492,230.116945416158
"beta",38,200,-50.1059289596975,251.475198981823
"beta",39,200,-35.8285853732097,260.491661411818
"beta",40,200,-36.0837695060234,241.79427116081
"beta",41,200,-36.8037843117671,321.967664604613
"beta",42,200,-34.9243355224157,256.813899214962
"beta",43,200,-31.6022296028063,240.921455475976
"beta",44,200,-34.8500072486584,352.895252929279
"beta",45,200,-43.0911662367044,370.38640296016
"beta",46,200,-41.1864824864687,310.644482959852
"beta",47,200,-44.0290946253053,301.786334374835
"beta",48,200,-33.152214390224,266.868390949178
"beta",49,200,-41.5369144774974,234.914863458044
"beta",50,200,-31.7866341941911,357.076071943422
"beta",51,200,-37.275842373087,298.706776377851
"beta",52,200,-39.7886179425229,372.777424167805
"beta",53,200,-38.7945968785015,246.891768576321
"beta",54,200,-46.8950219797381,290.387606203814
"beta",55,200,-30.4945717081379,292.800663780225
"beta",56,200,-42.6712960390785,261.914928753164
"beta",57,200,-25.7747107339954,304.323782142416
"beta",58,200,-37.2020385700715,368.875103289591
"beta",59,200,-37.4123240225825,368.436636988914
"beta",60,200,-36.5812621539099,253.407808661251
"beta",61,200,-35.7443609246851,248.483168828033
"beta",62,200,-36.2749103026909,253.24787702663
"beta",63,200,-35.223378056245,272.570948059634
"beta",64,200,-37.4741806282709,303.91997424162
"beta",65,200,-37.0273917778564,236.575327058775
"beta",66,200,-33.8842936841085,282.566016363704
"beta",67,200,-32.4577712279871,296.133310976253
"beta",68,200,-36.7102610930017,322.124160371025
"beta",69,200,-39.8440982513469,266.206371694165
"beta",70,200,-35.7413891982528,281.972132877681
"beta",71,200,-32.7380202787348,263.896775417458
"beta",72,200,-37.4706808004374,317.710714192883
"beta",73,200,-33.7695879084513,262.754932549323
"beta",74,200,-40.0734720075251,257.080600455293
"beta",75,200,-40.8707411546419,267.611919028429
"beta",76,200,-31.9943667510929,222.329425081908
"beta",77,200,-34.187282449012,305.185405744939
"beta",78,200,-30.8958225120776,210.270279575052
"beta",79,200,-38.8757836996183,295.678009292716
"beta",80,200,-35.1711368843896,281.386599719367
"beta",81,200,-39.1156966218848,333.833810491219
"beta",82,200,-40.0889866837181,357.875285758572
"beta",83,200,-34.4326058085134,252.838846305475
"beta",84,200,-36.002800023874,248.70320001695
"beta",85,200,-32.1368033277234,269.442713075882
"beta",86,200,-38.5051385646865,249.504926350544
"beta",87,200,-36.9606713718917,273.166640111704
"beta",88,200,-37.272985528761,344.840669188029
"beta",89,200,-30.171976493794,304.109047685375
"beta",90,200,-34.6196467483905,328.543901440602
"beta",91,200,-29.8422940845628,265.039133822532
"beta",92,200,-33.7011686152629,416.408452869508
"beta",93,200,-46.6738346560326,305.98987280105
"beta",94,200,-31.8315526695297,285.15900006933
"beta",95,200,-32.1501208937129,318.054373391412
"beta",96,200,-34.3613145193937,359.601587630773
"beta",97,200,-33.5312019485308,276.203279674789
"beta",98,200,-36.5499412055045,260.333500817144
"beta",99,200,-35.3254779579013,389.833239890383
"beta",100,200,-36.5121065771568,216.121502492985
"arctangent",1,200,-39.9068556596966,282.236042016122
"arctangent",2,200,-38.113019304927,258.677935113024
"arctangent",3,200,-37.1656857458161,308.628020989875
"arctangent",4,200,-38.5758228203562,274.884257756042
"arctangent",5,200,-39.7787280384883,228.848668346537
"arctangent",6,200,-39.9438422000453,263.090056786637
"arctangent",7,200,-40.2889215567852,390.387521545877
"arctangent",8,200,-36.0022099881795,277.98070053069
"arctangent",9,200,-35.6301050074312,315.730861747538
"arctangent",10,200,-34.377880584347,402.477065678765
"arctangent",11,200,-39.7689818528816,236.927345362711
"arctangent",12,200,-36.4160164504582,311.357531149549
"arctangent",13,200,-32.6815273394542,256.761185652015
"arctangent",14,200,-33.1493184959811,274.504434866372
"arctangent",15,200,-36.9694368071637,269.865104657882
"arctangent",16,200,-41.3712811692211,325.323635583162
"arctangent",17,200,-37.8464652725619,263.763794592538
"arctangent",18,200,-35.5380564404596,344.76052817903
"arctangent",19,200,-40.5147785657847,277.414704069378
"arctangent",20,200,-28.6708782233522,446.205590399195
"arctangent",21,200,-30.6528542660136,403.034259011421
"arctangent",22,200,-35.6146853184608,261.255737579163
"arctangent",23,200,-31.2702558311217,379.35993187063
"arctangent",24,200,-50.9294175690347,297.675491592558
"arctangent",25,200,-43.2599568234869,293.595552424424
"arctangent",26,200,-38.6341931739809,286.631000904406
"arctangent",27,200,-40.4630164948284,252.93578568005
"arctangent",28,200,-34.6131360669295,279.415946452312
"arctangent",29,200,-37.0477494933807,279.386024651359
"arctangent",30,200,-32.1390752260987,315.185732231177
"arctangent",31,200,-41.3246974899944,221.288344465875
"arctangent",32,200,-32.7180065456103,264.544388824387
"arctangent",33,200,-35.2664280129423,334.33040953636
"arctangent",34,200,-37.3325283939601,253.606707973222
"arctangent",35,200,-30.4413798531543,274.876376521938
"arctangent",36,200,-35.0327363613399,226.389508272619
"arctangent",37,200,-33.5883796821353,305.760993918994
"arctangent",38,200,-31.2689132034333,282.762953265837
"arctangent",39,200,-30.9285332683876,211.499968030466
"arctangent",40,200,-32.3558010076949,241.717269467693
"arctangent",41,200,-40.3378084595507,272.210522942622
"arctangent",42,200,-30.5646133424504,349.852583931681
"arctangent",43,200,-38.636174596298,274.861336639201
"arctangent",44,200,-33.4744259784204,303.298493041052
"arctangent",45,200,-32.3704455200214,250.61156855358
"arctangent",46,200,-34.8268864661835,277.959857150475
"arctangent",47,200,-45.76506216443,320.836470364893
"arctangent",48,200,-41.6369256205311,282.3338086443
"arctangent",49,200,-36.9234155569956,252.297531547241
"arctangent",50,200,-36.8217444905952,262.68370798302
"arctangent",51,200,-31.1269071792589,250.587280045017
"arctangent",52,200,-33.7253497181402,340.427322076772
"arctangent",53,200,-38.947714945063,396.92265171737
"arctangent",54,200,-44.2859536759335,316.348367849086
"arctangent",55,200,-43.4987843374208,285.678425904933
"arctangent",56,200,-32.9391311511824,317.545960015882
"arctangent",57,200,-34.3112531252029,285.05324798003
"arctangent",58,200,-35.7601567715975,248.602224466694
"arctangent",59,200,-35.5243469052083,250.778472927328
"arctangent",60,200,-41.9828430187355,388.104734964954
"arctangent",61,200,-31.5229690300248,350.257825192029
"arctangent",62,200,-40.0173078518145,298.79464057437
"arctangent",63,200,-36.6629023285875,287.408971172567
"arctangent",64,200,-35.2099450565858,310.467708254204
"arctangent",65,200,-30.0315455613009,271.85098509669
"arctangent",66,200,-37.2403714432684,285.298354522553
"arctangent",67,200,-30.7010843012298,369.019798592614
"arctangent",68,200,-31.0045704866931,276.467919639295
"arctangent",69,200,-41.7829345906335,288.067422060073
"arctangent",70,200,-34.3057255682969,292.198128743654
"arctangent",71,200,-37.154228895432,467.219498160142
"arctangent",72,200,-36.2273750480938,299.496142065299
"arctangent",73,200,-36.8440516651417,239.534193979634
"arctangent",74,200,-34.2216549222027,333.032123374911
"arctangent",75,200,-40.8124275510586,314.145560996403
"arctangent",76,200,-34.906573526828,257.003763063609
"arctangent",77,200,-45.8915209175843,311.35228233019
"arctangent",78,200,-39.7370198049137,237.387256629584
"arctangent",79,200,-35.0627259017088,424.44725573051
"arctangent",80,200,-38.4803230117639,269.59247811829
"arctangent",81,200,-39.588641368225,289.579113162346
"arctangent",82,200,-39.9560349484993,234.000797330536
"arctangent",83,200,-45.5547312801962,264.786570388051
"arctangent",84,200,-36.8018344441169,255.759686518133
"arctangent",85,200,-50.7815384991137,319.937122771121
"arctangent",86,200,-50.0576485618535,277.701060397674
"arctangent",87,200,-37.6571467411182,299.286590274758
"arctangent",88,200,-34.3997275363014,199.606213902345
"arctangent",89,200,-39.1874354936608,255.24416602334
"arctangent",90,200,-36.4894006165665,341.474198361438
"arctangent",91,200,-34.7479209029635,371.407100626829
"arctangent",92,200,-36.8441820348365,295.201460562441
"arctangent",93,200,-32.7787899650205,318.411583415562
"arctangent",94,200,-31.1734756827822,254.869631485537
"arctangent",95,200,-38.6601149042715,264.227894309513
"arctangent",96,200,-37.7880744387155,270.131032460213
"arctangent",97,200,-34.8583595151125,245.193116482245
"arctangent",98,200,-35.6348915754123,231.171034092179
"arctangent",99,200,-35.3917384944396,302.50150855247
"arctangent",100,200,-34.2183974706837,279.815815973161
"box_cox",1,200,-38.1193488298107,269.919653984385
"box_cox",2,200,-31.4890243105259,374.092963350771
"box_cox",3,200,-43.4089170665759,257.205431124972
"box_cox",4,200,-40.8059133895529,486.897058063801
"box_cox",5,200,-35.0438972768032,282.54284244508
"box_cox",6,200,-36.1248619802073,255.772393622494
"box_cox",7,200,-33.6884352367323,286.65330624654
"box_cox",8,200,-40.087614102986,252.662557811803
"box_cox",9,200,-35.2079805427598,294.277015538007
"box_cox",10,200,-34.0843298899644,403.652663956326
"box_cox",11,200,-42.9980390796065,239.703807025014
"box_cox",12,200,-35.9773736516384,372.012838041507
"box_cox",13,200,-30.5701633434097,278.74213721739
"box_cox",14,200,-44.0685678841367,271.724683064929
"box_cox",15,200,-28.9960696483902,294.309795683144
"box_cox",16,200,-39.263841663432,262.808852624584
"box_cox",17,200,-29.3637074948528,287.948797788436
"box_cox",18,200,-42.0379447679791,319.414861657833
"box_cox",19,200,-36.2995019463686,268.809908326942
"box_cox",20,200,-37.7227474128336,304.854368260525
"box_cox",21,200,-43.4173939656453,408.285360356108
"box_cox",22,200,-28.726687879894,250.873740249133
"box_cox",23,200,-36.1908249341743,285.176484605688
"box_cox",24,200,-36.0454874496303,260.423785771211
"box_cox",25,200,-32.110357980255,334.550825213577
"box_cox",26,200,-43.9176354962441,321.010242228772
"box_cox",27,200,-38.3156653183411,313.509732185944
"box_cox",28,200,-36.4272723671266,380.421991412917
"box_cox",29,200,-30.6137214661978,329.870745171037
"box_cox",30,200,-32.4716546211092,318.295595820485
"box_cox",31,200,-37.594962951917,258.201311248685
"box_cox",32,200,-36.2414061909849,239.311750169961
"box_cox",33,200,-29.0775918145883,280.971446721735
"box_cox",34,200,-36.6558697883626,391.433598931588
"box_cox",35,200,-47.2642462999577,373.051474774251
"box_cox",36,200,-38.5495299284559,310.287241603636
"box_cox",37,200,-29.8060486512499,331.324746110577
"box_cox",38,200,-37.9394354150681,190.927606895088
"box_cox",39,200,-31.5745986948325,340.622549075345
"box_cox",40,200,-35.215935167531,397.931037813061
"box_cox",41,200,-34.519767163076,318.758622416646
"box_cox",42,200,-33.9350547226812,283.816099034107
"box_cox",43,200,-35.5924427261214,309.927546425676
"box_cox",44,200,-35.7121400186584,212.125317779569
"box_cox",45,200,-31.7437187405112,228.19764209006
"box_cox",46,200,-31.6064053602725,232.075939987179
"box_cox",47,200,-39.4266973649549,247.820468598053
"box_cox",48,200,-31.168048557396,261.502562568905
"box_cox",49,200,-43.0539853465065,326.620307330558
"box_cox",50,200,-32.1471898463838,310.845344606899
"box_cox",51,200,-39.1736265854,232.070996776615
"box_cox",52,200,-31.1983754987815,306.058129827362
"box_cox",53,200,-34.6062774816398,283.352467004
"box_cox",54,200,-34.4651558583149,319.324776560279
"box_cox",55,200,-44.8554524004807,247.026563415341
"box_cox",56,200,-35.2551444870715,361.662238420401
"box_cox",57,200,-34.2161546456568,289.928541650562
"box_cox",58,200,-32.4978948046095,316.701510434579
"box_cox",59,200,-47.0176605250037,312.008982246433
"box_cox",60,200,-35.467289326681,323.751941583746
"box_cox",61,200,-33.3174313459819,315.3435128417
"box_cox",62,200,-41.8318130893019,276.195386955632
"box_cox",63,200,-38.5849626904748,286.329019184683
"box_cox",64,200,-37.899159642118,294.984020139472
"box_cox",65,200,-37.6629283172071,349.890331823839
"box_cox",66,200,-43.2891833158949,243.697165675473
"box_cox",67,200,-36.6666794063561,231.209110829878
"box_cox",68,200,-37.5926251312636,278.635121136714
"box_cox",69,200,-42.8796324188983,253.870425316711
"box_cox",70,200,-41.4920258061609,393.430905756156
"box_cox",71,200,-30.7314905094959,254.094885297485
"box_cox",72,200,-34.229115331844,279.536833445304
"box_cox",73,200,-35.482235192715,317.22436505138
"box_cox",74,200,-38.7542610730966,301.714137851118
"box_cox",75,200,-41.371267859851,237.258660619267
"box_cox",76,200,-35.6950522253761,258.820814610988
"box_cox",77,200,-40.8944168646072,363.783415269286
"box_cox",78,200,-49.8593267104332,266.755500318215
"box_cox",79,200,-42.3213160806187,278.369665818657
"box_cox",80,200,-36.7949454389393,318.546779680677
"box_cox",81,200,-35.4155344844983,265.735043516522
"box_cox",82,200,-33.6911790685837,283.606119026666
"box_cox",83,200,-37.6154991398004,300.780488474158
"box_cox",84,200,-41.9125766350678,243.636344333098
"box_cox",85,200,-37.7211916053804,262.147360575289
"box_cox",86,200,-38.2630987663648,309.510071285733
"box_cox",87,200,-45.7987509317091,253.484138798704
"box_cox",88,200,-42.1267450548467,287.232337602129
"box_cox",89,200,-30.5116740451725,314.40146793487
"box_cox",90,200,-34.3149156177315,291.104352246865
"box_cox",91,200,-34.5294929142727,276.560975212514
"box_cox",92,200,-36.1369775788026,296.24524112106
"box_cox",93,200,-35.7554226684244,329.85917113336
"box_cox",94,200,-35.1267156248766,235.93734289088
"box_cox",95,200,-39.3030075009475,194.807093582121
"box_cox",96,200,-37.7891812878451,265.732860627595
"box_cox",97,200,-36.787887297172,234.129747663561
"box_cox",98,200,-34.6705952353626,262.852787327347
"box_cox",99,200,-35.3890936223443,357.157591174552
"box_cox",100,200,-37.960012184495,304.9323063354
"sigmoid",1,250,-34.3334406334925,282.811980993411
"sigmoid",2,250,-31.3307627944445,301.693606427089
"sigmoid",3,250,-42.6178806438409,294.108392060017
"sigmoid",4,250,-33.5711895402824,248.568083171569
"sigmoid",5,250,-32.7623833100973,322.003587795765
"sigmoid",6,250,-47.8859666141245,419.172970722234
"sigmoid",7,250,-35.3922085118956,322.345448481468
"sigmoid",8,250,-32.4328198151677,319.740629251356
"sigmoid",9,250,-40.7871420668192,306.547086193727
"sigmoid",10,250,-37.0530218578807,275.837042908446
"sigmoid",11,250,-32.3897577290812,412.92094606043
"sigmoid",12,250,-33.2040612991727,278.795734486801
"sigmoid",13,250,-30.4700981533009,322.482412072219
"sigmoid",14,250,-47.202897250239,240.971114695735
"sigmoid",15,250,-39.6360748545386,244.66935559171
"sigmoid",16,250,-36.2197121878934,413.909898975724
"sigmoid",17,250,-39.7102090892924,396.060415127778
"sigmoid",18,250,-33.7257737668411,316.333200360849
"sigmoid",19,250,-41.1418045492588,244.354632027504
"sigmoid",20,250,-35.6794670910232,266.675722986035
"sigmoid",21,250,-36.0644851400545,240.301172914699
"sigmoid",22,250,-49.2109316584378,303.728327957277
"sigmoid",23,250,-38.0633977400427,291.249347267038
"sigmoid",24,250,-28.9422420128939,325.469795610663
"sigmoid",25,250,-32.4856747778136,330.483724603326
"sigmoid",26,250,-31.6530495035842,233.091010904584
"sigmoid",27,250,-37.4522796485047,283.53419131534
"sigmoid",28,250,-41.673600768491,309.069169281661
"sigmoid",29,250,-38.2557100906493,261.963617270299
"sigmoid",30,250,-41.2244422016119,272.294499109371
"sigmoid",31,250,-44.2581949359676,284.137398792633
"sigmoid",32,250,-40.3659401000764,251.30908096957
"sigmoid",33,250,-39.5376684094365,320.505025546398
"sigmoid",34,250,-39.4176204644858,487.040796749986
"sigmoid",35,250,-34.32886116355,329.76672616083
"sigmoid",36,250,-30.0761786766483,217.616811247934
"sigmoid",37,250,-41.2106869238812,256.201605803208
"sigmoid",38,250,-39.4979345438172,325.711990730804
"sigmoid",39,250,-34.7578046473177,342.531125909983
"sigmoid",40,250,-36.0670519594796,214.051004946067
"sigmoid",41,250,-38.5586493489139,241.034004310103
"sigmoid",42,250,-40.9327797548382,378.992369315193
"sigmoid",43,250,-35.406698237439,714.907553286762
"sigmoid",44,250,-33.7562126980555,297.70521310542
"sigmoid",45,250,-38.7738120549,349.722958858835
"sigmoid",46,250,-36.2963293944791,361.046509316999
"sigmoid",47,250,-29.474567774932,312.066123867195
"sigmoid",48,250,-34.6502436951203,307.889280585473
"sigmoid",49,250,-29.3036369169173,355.193977959699
"sigmoid",50,250,-35.1605319525134,387.814767873088
"sigmoid",51,250,-34.7129066815232,264.073681449511
"sigmoid",52,250,-30.0196560637551,371.796104329524
"sigmoid",53,250,-36.6283902135616,340.60393695756
"sigmoid",54,250,-34.9624889918339,239.71573173936
"sigmoid",55,250,-38.9577336683456,332.491162589332
"sigmoid",56,250,-41.2560139933322,298.052660483999
"sigmoid",57,250,-28.4568964105615,245.409443257417
"sigmoid",58,250,-32.1597412046115,284.472467808589
"sigmoid",59,250,-30.0706268223544,317.786057908572
"sigmoid",60,250,-33.6231913182141,299.32278479052
"sigmoid",61,250,-32.8408270013173,315.615407625293
"sigmoid",62,250,-29.9980604643657,389.246698239517
"sigmoid",63,250,-33.4059866468942,239.239501403033
"sigmoid",64,250,-31.6220013207745,327.681516590659
"sigmoid",65,250,-40.3134938627236,256.88674264019
"sigmoid",66,250,-41.1389962951273,275.817707954244
"sigmoid",67,250,-35.1854926232849,231.213196932243
"sigmoid",68,250,-34.1926344041883,302.560947221273
"sigmoid",69,250,-35.0804659064729,359.507756719117
"sigmoid",70,250,-52.1944588759501,306.665153249548
"sigmoid",71,250,-31.1978650222154,249.974846492747
"sigmoid",72,250,-35.7194804317856,288.11925956955
"sigmoid",73,250,-34.487989172977,308.100372192953
"sigmoid",74,250,-33.7784269884868,264.45997665281
"sigmoid",75,250,-41.5238476553564,279.901400270453
"sigmoid",76,250,-36.6658746951285,243.117645506553
"sigmoid",77,250,-37.7555798144574,260.609366269228
"sigmoid",78,250,-30.1742161582989,254.212759418611
"sigmoid",79,250,-35.5247249961889,217.216828673454
"sigmoid",80,250,-33.7517079584776,268.073938000778
"sigmoid",81,250,-42.114753662878,257.36605835621
"sigmoid",82,250,-47.6967693174069,243.926477970043
"sigmoid",83,250,-33.6845136640242,366.372161804063
"sigmoid",84,250,-35.8121769050028,247.69182769721
"sigmoid",85,250,-42.0961167845105,297.088511818148
"sigmoid",86,250,-35.6956163490876,239.815467776543
"sigmoid",87,250,-32.4126469336675,284.469855682768
"sigmoid",88,250,-34.0328902509676,306.182368370891
"sigmoid",89,250,-29.7671569621528,341.139196490349
"sigmoid",90,250,-33.5248209504102,320.839778215732
"sigmoid",91,250,-31.7572282769681,268.258115123778
"sigmoid",92,250,-33.9763614194643,284.989005349205
"sigmoid",93,250,-40.4429787210166,336.279937602175
"sigmoid",94,250,-36.2074219542569,376.369275514471
"sigmoid",95,250,-40.1898802447499,299.17437459062
"sigmoid",96,250,-39.4831535410804,358.434025404708
"sigmoid",97,250,-34.0451191000568,294.901670489831
"sigmoid",98,250,-36.822797257021,357.509590056252
"sigmoid",99,250,-33.8720563386411,309.976557287477
"sigmoid",100,250,-34.3285453615696,280.818170743406
"beta",1,250,-32.871155342227,331.611855684026
"beta",2,250,-40.5718113475472,341.746075028508
"beta",3,250,-37.694943065451,271.972452733573
"beta",4,250,-32.464803570873,260.491556866319
"beta",5,250,-38.171150870109,282.553498770734
"beta",6,250,-28.0975649015764,361.782889443858
"beta",7,250,-36.5829949306024,236.537763722967
"beta",8,250,-37.9912916796885,346.602528991765
"beta",9,250,-35.3973679299945,206.603394910058
"beta",10,250,-35.9069846886497,367.557350642454
"beta",11,250,-36.3821421627404,414.514010075575
"beta",12,250,-32.6555976116297,326.606959338906
"beta",13,250,-33.6395288543059,250.354651956459
"beta",14,250,-45.8298079244341,275.559391364512
"beta",15,250,-38.9839604091222,340.333959731333
"beta",16,250,-31.8779392547116,312.859333797647
"beta",17,250,-37.0357062054641,247.263154794613
"beta",18,250,-36.7720431392905,358.819450639591
"beta",19,250,-35.3939316103597,227.91467974817
"beta",20,250,-33.45891235015,300.656620520221
"beta",21,250,-37.9205411164793,242.140293026168
"beta",22,250,-37.2205478827899,346.6267569968
"beta",23,250,-34.0590387876766,244.042798941177
"beta",24,250,-46.6352960233712,262.356930936051
"beta",25,250,-35.7436637772326,355.11244830828
"beta",26,250,-43.5998797398883,288.600531596797
"beta",27,250,-42.1227124025764,248.651452492403
"beta",28,250,-35.3426176534723,384.581224285626
"beta",29,250,-34.3740726966715,278.278060058951
"beta",30,250,-27.552157110225,266.567841018662
"beta",31,250,-38.2264378929257,315.383269818596
"beta",32,250,-36.6999495003626,203.121561074568
"beta",33,250,-35.1178911854848,221.953983861478
"beta",34,250,-28.5585509415516,249.709072523137
"beta",35,250,-35.7490172221645,300.172974192773
"beta",36,250,-32.9403648562489,307.191803611759
"beta",37,250,-39.9128676495424,350.278141094471
"beta",38,250,-33.5408670090349,297.96708511552
"beta",39,250,-40.2011995368673,280.341140570706
"beta",40,250,-30.8725233646322,326.238609028585
"beta",41,250,-35.2557925021031,247.358109959734
"beta",42,250,-34.3676895192436,245.055509979065
"beta",43,250,-46.5123631369443,294.694597648915
"beta",44,250,-37.8148745389671,255.729433186899
"beta",45,250,-35.2811659241561,406.404879186272
"beta",46,250,-36.2537443895206,284.767424733873
"beta",47,250,-43.4937187957798,317.692236955683
"beta",48,250,-34.6906712821938,266.547177283132
"beta",49,250,-38.0057560347967,254.343811961499
"beta",50,250,-28.8786676410561,355.48456209199
"beta",51,250,-34.6660724525224,341.800329102879
"beta",52,250,-36.0680297385759,333.551677010325
"beta",53,250,-37.151335067002,317.774631939028
"beta",54,250,-38.7018235060947,331.28480837376
"beta",55,250,-31.4150018388723,351.963265169054
"beta",56,250,-37.8113593821737,233.724156438981
"beta",57,250,-38.4091438957144,283.330243361856
"beta",58,250,-34.6528744404026,341.433111011982
"beta",59,250,-34.5993509683615,252.840834260766
"beta",60,250,-31.2640803529553,292.104731378108
"beta",61,250,-38.348230935345,209.404668587834
"beta",62,250,-33.3713478932223,256.368156841609
"beta",63,250,-34.7700251268045,247.037505944908
"beta",64,250,-39.3901137964807,235.27389856936
"beta",65,250,-40.195212252241,371.769044253904
"beta",66,250,-37.965711869294,283.008835313406
"beta",67,250,-45.2153073498361,230.754283357235
"beta",68,250,-37.4414413842558,307.306911163482
"beta",69,250,-37.0356945054507,370.779222001918
"beta",70,250,-33.7495693134454,285.730581781562
"beta",71,250,-36.4378169538044,316.44309219841
"beta",72,250,-37.6595639849451,400.774439047115
"beta",73,250,-31.7286868645298,383.51014962335
"beta",74,250,-30.9937876738049,369.457459774732
"beta",75,250,-42.7706958404703,353.737232231571
"beta",76,250,-32.879382594517,328.190727328055
"beta",77,250,-36.1464660293153,304.994594616789
"beta",78,250,-31.2480263852033,255.985921859838
"beta",79,250,-38.4303875434384,241.235726612006
"beta",80,250,-33.721733687434,263.47413784079
"beta",81,250,-27.7995800490943,237.738781484418
"beta",82,250,-35.2470618254143,286.17463750697
"beta",83,250,-41.2674679376012,270.456978192762
"beta",84,250,-38.8460157117186,340.23407201155
"beta",85,250,-42.219315856476,253.04105558094
"beta",86,250,-35.6682622546296,369.589373836214
"beta",87,250,-36.0035549511052,233.791392858836
"beta",88,250,-36.0311424584634,236.611367925147
"beta",89,250,-36.1634470019794,261.495100739971
"beta",90,250,-42.5015864085401,241.367209096392
"beta",91,250,-38.521532841189,372.765316804944
"beta",92,250,-32.2436890281578,241.569611000999
"beta",93,250,-32.1006279220066,276.879873990683
"beta",94,250,-31.9453370103016,237.467124684416
"beta",95,250,-34.3015593227437,260.599189221846
"beta",96,250,-42.1296038093881,225.451298692257
"beta",97,250,-45.6165826573904,339.904456562259
"beta",98,250,-35.7636782735408,378.720054394118
"beta",99,250,-34.899006875083,308.481394865237
"beta",100,250,-32.0363786660312,334.047377341582
"arctangent",1,250,-35.467759385647,296.61458235719
"arctangent",2,250,-33.7857778787288,279.72977513408
"arctangent",3,250,-38.2352809588236,292.366541711708
"arctangent",4,250,-35.7686175923287,291.884021306911
"arctangent",5,250,-29.8051784534301,301.539943439288
"arctangent",6,250,-40.1836006018375,287.208464203589
"arctangent",7,250,-43.1145489986272,295.313492608391
"arctangent",8,250,-34.0292730872928,248.484250520985
"arctangent",9,250,-37.0400845913321,235.851451808417
"arctangent",10,250,-48.024800946113,275.653281977209
"arctangent",11,250,-36.3185994353263,212.197016908147
"arctangent",12,250,-47.2753897296354,250.548421732379
"arctangent",13,250,-31.7889828522558,288.333408483198
"arctangent",14,250,-28.9322872742729,268.722143768227
"arctangent",15,250,-29.9726578143376,315.785287959486
"arctangent",16,250,-33.5753464105125,283.859988101891
"arctangent",17,250,-29.7273576086845,247.394789063474
"arctangent",18,250,-38.4362371502494,274.618195647895
"arctangent",19,250,-42.1708173499876,258.861909123889
"arctangent",20,250,-39.6506377660682,342.12645836198
"arctangent",21,250,-32.605596352215,282.631982346477
"arctangent",22,250,-31.4873929018054,296.345947479927
"arctangent",23,250,-35.2765900239615,287.60393745284
"arctangent",24,250,-35.2219088036404,267.309283066274
"arctangent",25,250,-36.0286083115861,272.889254357945
"arctangent",26,250,-35.368059075523,256.539603335535
"arctangent",27,250,-33.1773261730345,298.695864940858
"arctangent",28,250,-38.3484785140211,261.9754674977
"arctangent",29,250,-42.6078925126737,315.957539387619
"arctangent",30,250,-38.2529769152105,354.636095162756
"arctangent",31,250,-43.0960579785356,251.261467582257
"arctangent",32,250,-43.3836221748809,332.274747817976
"arctangent",33,250,-33.0845132527689,271.214880995027
"arctangent",34,250,-35.0012266910272,332.839493877321
"arctangent",35,250,-40.1390233390667,256.242904378466
"arctangent",36,250,-32.5728640033024,291.505696209211
"arctangent",37,250,-42.0912911589844,262.37615624472
"arctangent",38,250,-32.1857765660146,289.721366798464
"arctangent",39,250,-39.3206119856052,432.254704322357
"arctangent",40,250,-40.9589947902298,322.766595621121
"arctangent",41,250,-43.6585777183155,262.004339673679
"arctangent",42,250,-32.6552179227905,315.564356681162
"arctangent",43,250,-38.4575514658401,314.832195717595
"arctangent",44,250,-31.2340413409555,307.980766823039
"arctangent",45,250,-42.6975840975127,272.234115142538
"arctangent",46,250,-43.4860665833897,224.223370174079
"arctangent",47,250,-32.6339688065052,315.63913839484
"arctangent",48,250,-39.4182913154577,267.510189742206
"arctangent",49,250,-36.8041442089574,258.876654283449
"arctangent",50,250,-40.0413151233059,276.160730512987
"arctangent",51,250,-34.1284729198426,286.645047598399
"arctangent",52,250,-36.0528387903807,367.802308701142
"arctangent",53,250,-31.9162815479258,316.64524099445
"arctangent",54,250,-33.0135814141694,245.523665078136
"arctangent",55,250,-35.6869099359516,313.948858626927
"arctangent",56,250,-39.1312484976604,278.08208664064
"arctangent",57,250,-30.81184456597,225.158359027736
"arctangent",58,250,-32.8242894554141,335.148375608629
"arctangent",59,250,-41.0527154408981,271.03069236564
"arctangent",60,250,-36.3533103873001,311.525066082598
"arctangent",61,250,-38.9317603856924,265.838629863064
"arctangent",62,250,-45.5638427410226,252.690717438452
"arctangent",63,250,-47.1775058040815,373.080747077559
"arctangent",64,250,-33.645324168509,310.53449928176
"arctangent",65,250,-35.9583752100952,288.645203860204
"arctangent",66,250,-38.2252664836483,577.813915961252
"arctangent",67,250,-36.547022087955,282.347764468972
"arctangent",68,250,-30.9094824305912,472.329987712297
"arctangent",69,250,-41.8452419732795,385.044602896477
"arctangent",70,250,-36.4149459014322,210.33545062224
"arctangent",71,250,-39.157750470875,229.320904509725
"arctangent",72,250,-34.3637420316179,254.784621407319
"arctangent",73,250,-38.4261058047693,248.194876393122
"arctangent",74,250,-32.4289329462898,269.421200953587
"arctangent",75,250,-31.7940259572202,287.079718663848
"arctangent",76,250,-57.327605281441,263.510772772701
"arctangent",77,250,-38.3660034488948,345.494468125743
"arctangent",78,250,-41.3021161895635,227.943359166504
"arctangent",79,250,-32.5003710999735,345.782898229052
"arctangent",80,250,-36.3218000072115,322.732087551575
"arctangent",81,250,-43.3101492776889,229.402849863634
"arctangent",82,250,-35.983005291148,242.650195062964
"arctangent",83,250,-29.7489903639915,372.986279722006
"arctangent",84,250,-35.5850541708777,223.43018462919
"arctangent",85,250,-37.3789221923176,314.414848708684
"arctangent",86,250,-32.6411684629334,260.889203962795
"arctangent",87,250,-35.534854910431,354.16894452991
"arctangent",88,250,-32.5000054644443,292.106616244173
"arctangent",89,250,-32.4811674170484,333.40797638007
"arctangent",90,250,-35.2467492012138,308.269134407683
"arctangent",91,250,-31.6177973676984,286.81122949948
"arctangent",92,250,-36.7528271872351,245.528148469671
"arctangent",93,250,-47.2020123357463,321.980181657808
"arctangent",94,250,-36.9267374148631,283.735720338863
"arctangent",95,250,-38.3831435717625,306.642362246718
"arctangent",96,250,-32.0172594528898,199.454340944241
"arctangent",97,250,-32.6877021470108,238.00810219863
"arctangent",98,250,-38.8999073408351,279.019016226786
"arctangent",99,250,-33.3666215121626,314.821379247888
"arctangent",100,250,-31.0441752661971,314.34063742973
"box_cox",1,250,-45.8986372707191,326.690956500861
"box_cox",2,250,-46.4520456797022,288.439442979638
"box_cox",3,250,-47.178476927106,316.305244978066
"box_cox",4,250,-35.2482449953181,275.474613066714
"box_cox",5,250,-39.1243812424061,296.778385417576
"box_cox",6,250,-45.7620914867161,355.944205126407
"box_cox",7,250,-40.2296678118085,247.773492367346
"box_cox",8,250,-34.8177608232844,333.012009214256
"box_cox",9,250,-33.8873749162298,234.550925289244
"box_cox",10,250,-31.807603189793,260.645792996253
"box_cox",11,250,-39.9027155401591,264.030165437046
"box_cox",12,250,-38.5342446962837,276.057855316702
"box_cox",13,250,-33.6287794596579,288.632613093252
"box_cox",14,250,-33.3149162198882,249.111859201526
"box_cox",15,250,-38.8378109942178,251.664329058846
"box_cox",16,250,-37.4309137514421,263.6368977569
"box_cox",17,250,-32.1228709609283,255.762682786231
"box_cox",18,250,-36.6723613097454,285.501090280909
"box_cox",19,250,-38.5971532295167,314.34443935156
"box_cox",20,250,-31.5771209542257,213.756248264764
"box_cox",21,250,-38.7315459300619,411.609963331155
"box_cox",22,250,-37.6034257733212,336.526253989273
"box_cox",23,250,-33.7635512483241,285.096872379544
"box_cox",24,250,-41.7052765563521,309.260491148886
"box_cox",25,250,-35.878207967127,251.065446468169
"box_cox",26,250,-36.5681587341645,264.426445126191
"box_cox",27,250,-34.4234769187308,275.384384956514
"box_cox",28,250,-36.1980312418081,377.175478242573
"box_cox",29,250,-37.981441357797,254.587887610728
"box_cox",30,250,-34.0065535454313,346.956207599857
"box_cox",31,250,-30.6332788795977,309.533886849688
"box_cox",32,250,-39.3517278693059,217.838801223954
"box_cox",33,250,-42.3429673927462,251.708698963479
"box_cox",34,250,-40.457896022511,328.466026076719
"box_cox",35,250,-37.1163806227033,212.37683104241
"box_cox",36,250,-40.0519952042714,250.494811937586
"box_cox",37,250,-44.0390887923343,287.698238082244
"box_cox",38,250,-35.1346682134741,285.880877858378
"box_cox",39,250,-41.9736450588984,232.332823942265
"box_cox",40,250,-36.6063356416025,307.069583404864
"box_cox",41,250,-30.5919175565243,211.842181821617
"box_cox",42,250,-29.1008583480273,294.47619448577
"box_cox",43,250,-27.2684772368574,283.902304615578
"box_cox",44,250,-35.7574804309382,363.080724588204
"box_cox",45,250,-41.0777520665432,299.305759535933
"box_cox",46,250,-35.8439340857456,371.420653620671
"box_cox",47,250,-39.5498144837868,307.399447234833
"box_cox",48,250,-42.0575934869433,291.293295285943
"box_cox",49,250,-37.2712083110973,419.345446480825
"box_cox",50,250,-33.1276530819131,270.952563133556
"box_cox",51,250,-41.290420857379,445.322458234807
"box_cox",52,250,-37.3819676551176,256.000128973833
"box_cox",53,250,-32.38196511248,273.4261028493
"box_cox",54,250,-42.0577231955539,248.460618329465
"box_cox",55,250,-45.5369553664097,246.910474182773
"box_cox",56,250,-33.6124966934095,300.277635084586
"box_cox",57,250,-38.029640535505,406.489516373543
"box_cox",58,250,-38.3120712845537,334.029021602929
"box_cox",59,250,-39.3306922971075,381.914712340229
"box_cox",60,250,-35.9473159320942,240.643226005069
"box_cox",61,250,-37.0042563351316,221.435443830217
"box_cox",62,250,-41.5070214352804,327.252983713204
"box_cox",63,250,-36.8536437346498,278.590875825898
"box_cox",64,250,-33.6373408231101,272.176797173234
"box_cox",65,250,-39.0841989926083,239.400964952345
"box_cox",66,250,-32.1962027266022,369.035045592391
"box_cox",67,250,-34.4270206000239,303.202699419665
"box_cox",68,250,-31.3780427191427,258.81007222547
"box_cox",69,250,-41.6628818753934,258.202324735943
"box_cox",70,250,-37.5560330920568,260.548102543657
"box_cox",71,250,-33.7079758646603,253.826753203743
"box_cox",72,250,-29.8889741029011,296.254369780961
"box_cox",73,250,-39.0027233375742,356.087220843139
"box_cox",74,250,-35.4192052437506,273.554973066477
"box_cox",75,250,-34.2656579490709,268.834078632341
"box_cox",76,250,-36.5906897749541,289.482572027497
"box_cox",77,250,-36.5879504761798,295.04106399729
"box_cox",78,250,-31.9151623740422,278.264143334917
"box_cox",79,250,-29.7754716949323,296.720832596264
"box_cox",80,250,-34.5766885751312,276.602656717616
"box_cox",81,250,-31.5307918370846,227.790465127559
"box_cox",82,250,-30.6582749059447,276.244596934535
"box_cox",83,250,-43.9021396696838,290.08544133321
"box_cox",84,250,-36.6963557494372,311.43458504987
"box_cox",85,250,-35.8495729574237,355.241153092597
"box_cox",86,250,-44.1345073301942,261.742812606455
"box_cox",87,250,-35.6222087071232,399.716342369643
"box_cox",88,250,-38.1577519590704,238.271875908615
"box_cox",89,250,-41.9584384557865,404.145536274347
"box_cox",90,250,-38.10659697526,401.595957833202
"box_cox",91,250,-32.9454129210897,292.708592127413
"box_cox",92,250,-36.311124834788,293.454372665347
"box_cox",93,250,-35.2892919149808,235.556912247023
"box_cox",94,250,-35.5190285308896,229.498343552996
"box_cox",95,250,-38.4009698980523,238.369326556153
"box_cox",96,250,-33.54732633139,412.590603581443
"box_cox",97,250,-34.6212487316115,260.670385391424
"box_cox",98,250,-33.0017712867665,220.510443944436
"box_cox",99,250,-40.9733230431825,293.007513009029
"box_cox",100,250,-39.4590000506657,306.103522434287
"sigmoid",1,500,-34.8051542509724,280.926484707334
"sigmoid",2,500,-38.6097457196076,354.046307255757
"sigmoid",3,500,-38.1717765856849,351.921195963781
"sigmoid",4,500,-45.4219728145985,325.622221999901
"sigmoid",5,500,-31.8796669517585,410.070464721629
"sigmoid",6,500,-37.6310929641301,300.495592469039
"sigmoid",7,500,-40.5464125209634,232.899010730339
"sigmoid",8,500,-37.9397436899768,383.520148294529
"sigmoid",9,500,-33.4677823042144,250.478261881277
"sigmoid",10,500,-39.5420152037016,350.517783101951
"sigmoid",11,500,-39.5519876256835,295.538893715129
"sigmoid",12,500,-35.4815007949359,308.09361527733
"sigmoid",13,500,-38.9846765604632,350.325688463831
"sigmoid",14,500,-35.7953633107763,415.613194753732
"sigmoid",15,500,-38.789193082052,243.190522808937
"sigmoid",16,500,-40.901614612913,279.00229438335
"sigmoid",17,500,-32.4043317744029,300.949610513072
"sigmoid",18,500,-39.8814034271134,232.125423363787
"sigmoid",19,500,-29.1733044600381,403.97194324568
"sigmoid",20,500,-37.8711085846107,225.526869577429
"sigmoid",21,500,-41.3777986018302,325.790621208667
"sigmoid",22,500,-31.6780298802369,267.773767084964
"sigmoid",23,500,-42.4099487386002,253.571262692255
"sigmoid",24,500,-40.0539637235682,269.526488312874
"sigmoid",25,500,-40.9931689941747,280.256715765558
"sigmoid",26,500,-44.0520459426625,247.850054487588
"sigmoid",27,500,-37.856897513415,355.08283499684
"sigmoid",28,500,-35.7535319713536,310.269221342202
"sigmoid",29,500,-46.5707893204981,298.09958063495
"sigmoid",30,500,-38.8938548631928,295.010373316042
"sigmoid",31,500,-38.8178767108701,402.542025107905
"sigmoid",32,500,-33.6444120661619,323.951681137524
"sigmoid",33,500,-39.4221116130334,380.837746696123
"sigmoid",34,500,-34.0511926675139,279.788043192339
"sigmoid",35,500,-33.1088759987713,275.390061699711
"sigmoid",36,500,-36.0180684466042,276.90859695738
"sigmoid",37,500,-36.749507841621,298.908685855673
"sigmoid",38,500,-32.8982692330727,281.912994416606
"sigmoid",39,500,-39.330154920775,272.622583949218
"sigmoid",40,500,-37.236536555532,351.128340190208
"sigmoid",41,500,-41.0210705040397,233.271868212088
"sigmoid",42,500,-37.0609711722049,280.911600472999
"sigmoid",43,500,-31.2447341669012,257.223797365931
"sigmoid",44,500,-37.4116583733295,249.740719946155
"sigmoid",45,500,-28.70073803966,324.874626604206
"sigmoid",46,500,-36.2895319105118,324.607341318996
"sigmoid",47,500,-46.9431826072756,287.74536963748
"sigmoid",48,500,-37.8705173994609,292.88404727361
"sigmoid",49,500,-28.491092347769,294.08027909226
"sigmoid",50,500,-46.8823921468471,324.851369098836
"sigmoid",51,500,-39.588858668614,285.913379301117
"sigmoid",52,500,-36.6490169365207,194.902545856973
"sigmoid",53,500,-41.0683044561444,299.470359391381
"sigmoid",54,500,-38.6952341181434,317.451554707096
"sigmoid",55,500,-36.9510912709156,366.404396147268
"sigmoid",56,500,-39.7867295706676,308.997759315678
"sigmoid",57,500,-33.8819773931839,257.915021168168
"sigmoid",58,500,-35.8004939506777,276.882834350764
"sigmoid",59,500,-43.4795006379638,261.817861810282
"sigmoid",60,500,-40.7975127317807,386.440685143811
"sigmoid",61,500,-37.0526276142168,296.124523972261
"sigmoid",62,500,-37.9160747519029,285.197197092973
"sigmoid",63,500,-44.0681239184236,258.067121922096
"sigmoid",64,500,-33.2181246418497,325.587011981032
"sigmoid",65,500,-31.5213425894243,331.501295904188
"sigmoid",66,500,-39.1388927081987,294.10104605273
"sigmoid",67,500,-45.0902165449407,248.566435975005
"sigmoid",68,500,-39.0522042509197,304.505394078232
"sigmoid",69,500,-39.8069612397837,348.924801407957
"sigmoid",70,500,-33.2128363240375,254.762297930667
"sigmoid",71,500,-35.2270605657231,362.417298109823
"sigmoid",72,500,-42.1245617887213,229.238030351341
"sigmoid",73,500,-40.3737706426462,387.842880356868
"sigmoid",74,500,-47.7471751816926,340.144550529
"sigmoid",75,500,-35.7725347669116,355.772101515091
"sigmoid",76,500,-35.7559977879289,299.444330646884
"sigmoid",77,500,-41.4128000218285,296.500607777876
"sigmoid",78,500,-33.5956463683046,269.258936942232
"sigmoid",79,500,-30.9398549891871,449.771280996644
"sigmoid",80,500,-43.6824665893394,329.511037732595
"sigmoid",81,500,-36.6270994644952,328.734059881901
"sigmoid",82,500,-35.3780930779927,342.705828856621
"sigmoid",83,500,-39.7569050884829,333.941058694244
"sigmoid",84,500,-34.2351126752315,347.836554598444
"sigmoid",85,500,-34.9217645842631,319.78697905225
"sigmoid",86,500,-43.2718979423051,425.670511737283
"sigmoid",87,500,-33.8538089547953,298.641756996726
"sigmoid",88,500,-36.6193603355414,370.081369413262
"sigmoid",89,500,-33.1898858635179,218.470332733299
"sigmoid",90,500,-35.3979746758071,360.824416640316
"sigmoid",91,500,-49.1274192088554,373.518115466256
"sigmoid",92,500,-41.8993306068484,449.68585491796
"sigmoid",93,500,-35.1572256890721,269.865882702324
"sigmoid",94,500,-34.9882534279421,284.577324617629
"sigmoid",95,500,-39.0882278357257,336.495422410173
"sigmoid",96,500,-38.1634035501083,360.043247116014
"sigmoid",97,500,-32.793054507911,283.771261058801
"sigmoid",98,500,-36.1474229162182,224.981950181282
"sigmoid",99,500,-32.0603808346604,241.264126907383
"sigmoid",100,500,-32.3799385298594,300.556011169425
"beta",1,500,-36.5239189478114,271.406533474814
"beta",2,500,-33.8610095664426,393.270041773956
"beta",3,500,-33.7644605717509,340.920547837036
"beta",4,500,-42.0193729015701,216.751931722997
"beta",5,500,-42.8570612697713,318.854241431517
"beta",6,500,-40.710831943548,428.606711280467
"beta",7,500,-33.1345132928431,282.943971652409
"beta",8,500,-42.8556400027757,231.88872481609
"beta",9,500,-40.1084879272043,306.368038078652
"beta",10,500,-34.7983350205413,241.46450837366
"beta",11,500,-38.6283130926978,276.217296850532
"beta",12,500,-41.6594691469642,213.447259674203
"beta",13,500,-34.8602030984134,257.557894656138
"beta",14,500,-30.8807874827156,300.006255018301
"beta",15,500,-44.5368607745713,250.298566480272
"beta",16,500,-33.4059176036487,269.430498127294
"beta",17,500,-44.8992176758585,267.909362232466
"beta",18,500,-49.1871642017897,210.83198040849
"beta",19,500,-38.4333954798095,273.274307803198
"beta",20,500,-42.1958208687076,348.492936424009
"beta",21,500,-35.9457437952492,330.291512028829
"beta",22,500,-44.4480366615944,290.415427212251
"beta",23,500,-42.8613817955571,294.246510304331
"beta",24,500,-39.5703948144619,301.082164983743
"beta",25,500,-32.318980550857,295.450411413523
"beta",26,500,-32.0921605621679,219.434264978171
"beta",27,500,-29.7489085805461,315.497528979118
"beta",28,500,-34.0577070430354,321.167886459338
"beta",29,500,-35.7875114250718,269.536304487315
"beta",30,500,-32.4621288900946,353.455432044051
"beta",31,500,-34.5498661189673,434.065885881783
"beta",32,500,-36.0452246909975,287.444585922391
"beta",33,500,-39.33933145766,487.179799076084
"beta",34,500,-43.3959158041106,212.800262781278
"beta",35,500,-28.0456044239843,450.922373659506
"beta",36,500,-39.677146815468,276.787491665677
"beta",37,500,-33.6529803596479,354.185915717073
"beta",38,500,-34.3341263907415,294.668073067564
"beta",39,500,-36.8302984529802,329.956408342137
"beta",40,500,-35.0048348193597,273.897301599225
"beta",41,500,-38.1540706236926,253.302723036073
"beta",42,500,-38.51727993296,303.659582457328
"beta",43,500,-41.9924086475623,278.939000435125
"beta",44,500,-40.331793340683,342.387703806817
"beta",45,500,-41.5494485180977,290.607663998897
"beta",46,500,-36.6628901295458,329.980104176025
"beta",47,500,-34.7376681902038,346.416806485926
"beta",48,500,-36.681419690271,415.045321401164
"beta",49,500,-41.9957960007362,325.498321166842
"beta",50,500,-34.060848925554,328.667690195887
"beta",51,500,-37.8810545058273,256.690650976242
"beta",52,500,-34.6503737440711,272.640964133207
"beta",53,500,-40.5404991682517,267.203149134009
"beta",54,500,-33.3954857972736,243.156697309597
"beta",55,500,-37.080435747267,346.456578995833
"beta",56,500,-34.8238908523739,411.367025863195
"beta",57,500,-43.6437838641664,486.28523204636
"beta",58,500,-38.7226764304825,317.445945312238
"beta",59,500,-40.6057868628169,288.713442434309
"beta",60,500,-45.4366950444189,331.829495079118
"beta",61,500,-44.7036642004471,348.052140239467
"beta",62,500,-41.2712774161413,271.309498540654
"beta",63,500,-36.0368391774733,378.794472557276
"beta",64,500,-34.0708467737918,436.556223758277
"beta",65,500,-34.5822104562455,328.078393284843
"beta",66,500,-40.7630051168593,279.780843352227
"beta",67,500,-34.6063585485243,291.343930310583
"beta",68,500,-37.4865655538993,303.654702514806
"beta",69,500,-44.7622403697949,244.570350140236
"beta",70,500,-38.920039476031,289.621890472968
"beta",71,500,-38.011020547028,267.278167435266
"beta",72,500,-42.9633972674814,461.283375778156
"beta",73,500,-35.3666645179987,253.02334663069
"beta",74,500,-39.8664913446891,312.106191765581
"beta",75,500,-37.2929469452038,250.397825577407
"beta",76,500,-30.6204738025364,302.673644209427
"beta",77,500,-51.1262183797825,323.93397007697
"beta",78,500,-35.4754189660686,463.121075069165
"beta",79,500,-40.3416991512478,285.186811319051
"beta",80,500,-43.9545647249807,261.990505480388
"beta",81,500,-38.3228136447094,286.407524542818
"beta",82,500,-43.5965012960747,286.182222868549
"beta",83,500,-31.7274611300042,400.959300236091
"beta",84,500,-42.2517528057146,280.751231173826
"beta",85,500,-34.7334601991299,275.850257818369
"beta",86,500,-36.4087823172584,257.873422830516
"beta",87,500,-35.7980804019037,260.753575396559
"beta",88,500,-33.7668889141098,280.800423918725
"beta",89,500,-30.644400776479,293.464499779457
"beta",90,500,-33.4494164916377,337.687735528317
"beta",91,500,-36.7330966306001,262.830982991353
"beta",92,500,-40.5331596139695,324.740514782599
"beta",93,500,-33.6898883661814,331.577670205177
"beta",94,500,-35.0625890026083,309.583397216368
"beta",95,500,-36.3684672532263,492.05529238237
"beta",96,500,-33.5920465537125,352.358797660378
"beta",97,500,-37.4540413027222,318.650780039755
"beta",98,500,-41.5088945026819,235.431793913121
"beta",99,500,-33.8013375805293,327.725897437995
"beta",100,500,-33.7814105688803,417.719077217668
"arctangent",1,500,-40.3118706314186,313.030343355509
"arctangent",2,500,-37.2342949749425,271.361124907684
"arctangent",3,500,-34.4001387513762,409.018820869422
"arctangent",4,500,-41.7023893429382,246.015083597578
"arctangent",5,500,-41.505658758445,282.618905494049
"arctangent",6,500,-40.5688895731162,302.957332605071
"arctangent",7,500,-33.052685979412,303.726299454401
"arctangent",8,500,-39.1945547644276,318.993279597969
"arctangent",9,500,-36.692047517985,240.645296206818
"arctangent",10,500,-31.1828281110507,242.106212806183
"arctangent",11,500,-34.9046804116708,371.341885679448
"arctangent",12,500,-39.5204424016079,261.973707047343
"arctangent",13,500,-33.0179831132782,538.834965123583
"arctangent",14,500,-45.950995235749,231.966308848917
"arctangent",15,500,-33.0864961042259,297.649853491685
"arctangent",16,500,-36.7937702070518,409.848062692713
"arctangent",17,500,-39.6425947640374,396.063362658207
"arctangent",18,500,-36.1675114048833,281.67433025729
"arctangent",19,500,-42.0489592068897,430.330835127525
"arctangent",20,500,-31.9280493750887,227.207802609817
"arctangent",21,500,-35.9480541233312,311.62828715223
"arctangent",22,500,-34.3460646134316,212.1168865476
"arctangent",23,500,-47.3111893179977,307.827183901242
"arctangent",24,500,-28.7552698365159,239.98103928993
"arctangent",25,500,-45.1238503750168,387.554097279735
"arctangent",26,500,-31.3918498230193,269.511088468435
"arctangent",27,500,-38.810494867038,329.565221852455
"arctangent",28,500,-43.1617594880591,276.363585376847
"arctangent",29,500,-33.6031301105515,323.682722505989
"arctangent",30,500,-37.1334916990452,332.079056142549
"arctangent",31,500,-36.6808327288597,352.335597474705
"arctangent",32,500,-35.995938210952,244.508565523791
"arctangent",33,500,-33.0380539848207,299.64674874107
"arctangent",34,500,-37.8564630466625,282.263828824889
"arctangent",35,500,-38.024076305124,286.611987113397
"arctangent",36,500,-39.6169060789254,222.923147735647
"arctangent",37,500,-33.2383947756017,249.947488545574
"arctangent",38,500,-37.0916381400536,256.90826479376
"arctangent",39,500,-32.3345704984166,282.360575644793
"arctangent",40,500,-35.8671779160193,244.262880932873
"arctangent",41,500,-41.4972582056607,372.619150020477
"arctangent",42,500,-37.0882223932448,307.808254000816
"arctangent",43,500,-34.4722392501049,225.430599239453
"arctangent",44,500,-49.5143768384337,251.863569200756
"arctangent",45,500,-36.6877876539346,347.100144119573
"arctangent",46,500,-37.262758598725,301.936182211567
"arctangent",47,500,-30.5866246569787,293.011211573578
"arctangent",48,500,-32.8519848988391,322.334406635296
"arctangent",49,500,-45.5820697352009,486.19430008767
"arctangent",50,500,-34.9164435351545,380.634218862453
"arctangent",51,500,-37.5456805405424,232.297075319997
"arctangent",52,500,-28.6966206272756,362.905494881492
"arctangent",53,500,-39.241038350758,368.609301638072
"arctangent",54,500,-35.3103004720798,309.207289581819
"arctangent",55,500,-36.0456472567967,277.97780900043
"arctangent",56,500,-33.5115940489868,254.262684323372
"arctangent",57,500,-35.2383905861977,298.319922179256
"arctangent",58,500,-34.8370547461566,324.05968542605
"arctangent",59,500,-34.9320020055962,295.526967561302
"arctangent",60,500,-33.0495082735778,306.960621359138
"arctangent",61,500,-38.2169961514504,327.656621788578
"arctangent",62,500,-53.4251788085863,352.384774198659
"arctangent",63,500,-42.7544050667609,335.046767428976
"arctangent",64,500,-40.7418083880397,258.825266736144
"arctangent",65,500,-38.6550682366375,267.959125118691
"arctangent",66,500,-40.5251322474871,374.355048812426
"arctangent",67,500,-36.6124347425995,345.910059091101
"arctangent",68,500,-40.5516682212271,317.873510196446
"arctangent",69,500,-40.261649250094,351.71748575763
"arctangent",70,500,-34.344094264584,348.929751542237
"arctangent",71,500,-39.3948216771228,473.863773428401
"arctangent",72,500,-42.0181590603451,384.103306115256
"arctangent",73,500,-44.3126731392514,401.701207886575
"arctangent",74,500,-31.934035449681,548.664042410468
"arctangent",75,500,-34.0475391265232,295.335804985669
"arctangent",76,500,-32.8401051119199,256.908494249436
"arctangent",77,500,-37.7864581294446,345.141473316822
"arctangent",78,500,-39.2957002003664,416.56143498865
"arctangent",79,500,-34.7929511978731,322.703839770191
"arctangent",80,500,-39.5408104330765,238.687787632101
"arctangent",81,500,-35.978360184309,303.731386783299
"arctangent",82,500,-38.8739895863436,258.741241370839
"arctangent",83,500,-32.449334938898,420.351077423299
"arctangent",84,500,-34.033969119288,234.898398660186
"arctangent",85,500,-40.0240474863649,315.914284538729
"arctangent",86,500,-41.9317250975256,283.569725670654
"arctangent",87,500,-36.9291709825572,307.175466741762
"arctangent",88,500,-40.0608393982485,304.594197992256
"arctangent",89,500,-37.9684675842909,259.644975178735
"arctangent",90,500,-36.7524574918032,267.147283250967
"arctangent",91,500,-39.6902631915733,346.160773107342
"arctangent",92,500,-34.2591509712723,220.972058615053
"arctangent",93,500,-31.988299378455,248.51744206263
"arctangent",94,500,-31.6654599215133,214.646023856274
"arctangent",95,500,-34.3033125068419,281.004460207965
"arctangent",96,500,-31.8415961248438,307.839264152531
"arctangent",97,500,-32.3148730089683,332.661861477079
"arctangent",98,500,-36.2084069074457,290.876910923881
"arctangent",99,500,-34.8857960782336,258.908478903137
"arctangent",100,500,-39.1143479494276,284.017666312843
"box_cox",1,500,-38.939279496236,378.058937734478
"box_cox",2,500,-34.5747600510121,278.428796899631
"box_cox",3,500,-37.8661528983943,330.026540173471
"box_cox",4,500,-42.0684969041839,264.747079734865
"box_cox",5,500,-35.7552420984041,272.987238194597
"box_cox",6,500,-37.8878735926838,239.818794201598
"box_cox",7,500,-35.1990394478705,350.650817947305
"box_cox",8,500,-35.0166197196921,243.686395301657
"box_cox",9,500,-41.5334410328531,355.540019596269
"box_cox",10,500,-38.5307244871099,258.51223677534
"box_cox",11,500,-39.1270393558592,245.436796812549
"box_cox",12,500,-30.1805881203053,348.328598662724
"box_cox",13,500,-35.0342685239245,259.4464739927
"box_cox",14,500,-36.0718929142972,375.335013947772
"box_cox",15,500,-37.4890185987398,302.412811360019
"box_cox",16,500,-34.643168272184,305.212238075621
"box_cox",17,500,-35.7870311049057,381.057511163724
"box_cox",18,500,-33.73540591253,324.838159146362
"box_cox",19,500,-43.4336803302977,326.53282332234
"box_cox",20,500,-43.5888333761746,322.801610955154
"box_cox",21,500,-43.065917279735,292.034131548133
"box_cox",22,500,-34.9592238834497,320.251477089831
"box_cox",23,500,-36.1628885072141,306.318773097764
"box_cox",24,500,-38.9181678298324,342.042529070412
"box_cox",25,500,-41.9488466491442,270.124481574205
"box_cox",26,500,-39.3875877691976,260.94366308941
"box_cox",27,500,-39.6285738038401,388.138900268221
"box_cox",28,500,-39.1978598690222,213.234444462853
"box_cox",29,500,-37.3743280203891,278.006457444166
"box_cox",30,500,-39.8766676186241,250.515697096433
"box_cox",31,500,-31.918340435409,351.646145178593
"box_cox",32,500,-40.6213740165716,222.360868479088
"box_cox",33,500,-35.4739815930618,336.263066407407
"box_cox",34,500,-33.9600356322531,251.073026685031
"box_cox",35,500,-40.1982748365821,269.103003334448
"box_cox",36,500,-44.6177585302882,274.751379849933
"box_cox",37,500,-37.3980878262044,295.365840127296
"box_cox",38,500,-43.2284847414364,279.876808716522
"box_cox",39,500,-36.2991042296045,326.353464576822
"box_cox",40,500,-34.4547022591423,312.142601769178
"box_cox",41,500,-48.665069129282,280.998492791973
"box_cox",42,500,-36.8277538549339,237.293288877998
"box_cox",43,500,-36.96183336346,325.767096139747
"box_cox",44,500,-40.3486147376461,263.766825503222
"box_cox",45,500,-34.689267969408,359.772541285443
"box_cox",46,500,-28.0096815483363,287.059645280571
"box_cox",47,500,-33.9726602351407,240.429166983737
"box_cox",48,500,-37.1916801190541,346.379222677135
"box_cox",49,500,-34.9583542825525,311.035075978189
"box_cox",50,500,-34.599885285742,273.581625997202
"box_cox",51,500,-40.2049440782145,470.580929230239
"box_cox",52,500,-34.8651969894863,245.356067939449
"box_cox",53,500,-35.4677116151935,294.368232963417
"box_cox",54,500,-38.8449357237826,258.919271338929
"box_cox",55,500,-43.0971576410441,291.666835412463
"box_cox",56,500,-38.6929916160407,284.566930653352
"box_cox",57,500,-44.7979934294033,395.946414078919
"box_cox",58,500,-37.6555427705059,280.747565690781
"box_cox",59,500,-39.1493188404624,281.035446136812
"box_cox",60,500,-37.9306232604104,281.706492290791
"box_cox",61,500,-36.4595990541074,351.517404021144
"box_cox",62,500,-36.3938861137855,544.389942452404
"box_cox",63,500,-45.7156168211395,254.920056826585
"box_cox",64,500,-36.4294278794535,425.860700510888
"box_cox",65,500,-37.367036895479,196.630972110554
"box_cox",66,500,-39.0380635800301,263.673282058497
"box_cox",67,500,-36.1442019941244,294.570486656639
"box_cox",68,500,-35.1013800759166,270.24398959951
"box_cox",69,500,-31.7440495115054,361.920302800317
"box_cox",70,500,-36.9138934606444,279.965782469494
"box_cox",71,500,-41.7583391472394,333.443424402673
"box_cox",72,500,-39.7958593702341,366.171508037155
"box_cox",73,500,-41.9411827163431,404.235882928051
"box_cox",74,500,-42.189966715639,281.326142295932
"box_cox",75,500,-36.1008057024167,244.853973014569
"box_cox",76,500,-38.8715545667594,266.861141178676
"box_cox",77,500,-38.5337172008435,385.049475860307
"box_cox",78,500,-42.2421309691033,266.427805678624
"box_cox",79,500,-30.9277187123542,307.093234749584
"box_cox",80,500,-42.2372052108462,275.810373596422
"box_cox",81,500,-38.6986408733444,294.344455787968
"box_cox",82,500,-36.8907667692548,247.925308409383
"box_cox",83,500,-34.6037723061382,270.471109799708
"box_cox",84,500,-33.4150496245348,261.036943730246
"box_cox",85,500,-36.8452812964962,401.289884352246
"box_cox",86,500,-42.352061730493,249.067157804539
"box_cox",87,500,-35.6287690053359,303.657276162465
"box_cox",88,500,-37.3045723022965,272.876881898334
"box_cox",89,500,-37.9097217808929,345.173537840343
"box_cox",90,500,-36.2481425608966,448.552843086457
"box_cox",91,500,-35.5249205463597,283.232180991802
"box_cox",92,500,-46.6621282620529,277.402524955053
"box_cox",93,500,-38.4463001983485,256.268978896229
"box_cox",94,500,-33.4416731483493,272.70665981021
"box_cox",95,500,-35.8251802516925,275.275258720169
"box_cox",96,500,-38.4323657303852,297.31755446192
"box_cox",97,500,-34.8864953979642,248.625506369857
"box_cox",98,500,-44.5720723274293,269.008971187128
"box_cox",99,500,-38.486271464201,258.003090147756
"box_cox",100,500,-34.5802872848458,247.668090124391
